ecosystem,name,version,state_presence,state_status,severity,alert_status,alert_route,scan_finished_ms,last_error
npm,@adminide-stack/clock-tik-browser,12.0.24,present,scanned,malware,sent,default,1785853787909,""
npm,@adminide-stack/yantra-mobile,12.0.33,present,scanned,malware,sent,default,1785853787872,""
npm,@arv-bedrock/auth,1.1.7,present,scanned,malware,sent,default,1785853786326,""
npm,@arv-bedrock/auth,1.1.8,present,scanned,malware,sent,default,1785853787632,""
npm,@arv-bedrock/auth-admin,1.0.2,present,scanned,malware,sent,default,1785853787702,""
npm,@arv-bedrock/auth-admin,1.0.3,present,scanned,malware,sent,default,1785853787591,""
npm,@arv-bedrock/auth-sso,1.6.1,present,scanned,malware,sent,default,1785853787737,""
npm,@arv-bedrock/auth-sso,1.6.2,present,scanned,malware,sent,default,1785853787809,""
npm,@arv-bedrock/auth-sso-backend,1.7.1,present,scanned,malware,sent,default,1785853787772,""
npm,@arv-bedrock/auth-sso-backend,1.7.2,present,scanned,malware,sent,default,1785853787668,""
npm,@arv-bedrock/logger,1.7.1,present,scanned,malware,sent,default,1785853788563,""
npm,@arv-bedrock/logger,1.7.2,present,scanned,malware,sent,default,1785853788684,""
npm,@cacheable/memory,2.2.1,present,scanned,malware,sent,default,1785841827973,""
npm,@cacheable/net,2.1.1,present,scanned,malware,sent,default,1785839416446,""
npm,@cacheable/node-cache,3.1.2,present,scanned,malware,pending,default,1785854236000,""
npm,@cacheable/utils,2.5.1,present,scanned,malware,sent,default,1785841825676,""
npm,@deliveroo/determinator,0.2.1,present,scanned,malware,pending,default,1785854236000,""
npm,@deliveroo/reevent,1.0.1,present,scanned,malware,pending,default,1785854236000,""
npm,@hubsync/web-sdk-react,6.3.10,present,scanned,malware,sent,default,1785853791659,""
npm,@hubsync/web-sdk-react,6.3.11,present,scanned,malware,sent,default,1785853791740,""
npm,@hubsync/web-sdk-react,6.3.12,present,scanned,malware,sent,default,1785853791476,""
npm,@hubsync/web-sdk-react,6.3.13,present,scanned,malware,sent,default,1785853791322,""
npm,@hubsync/web-sdk-react,6.3.14,present,scanned,malware,sent,default,1785853791401,""
npm,@hubsync/web-sdk-react,6.3.15,present,scanned,malware,sent,default,1785853796351,""
npm,@hubsync/web-sdk-react,6.3.16,present,scanned,malware,sent,default,1785853797709,""
npm,@hubsync/web-sdk-react,6.3.17,present,scanned,malware,sent,default,1785853797891,""
npm,@hubsync/web-sdk-react,6.3.18,present,scanned,malware,sent,default,1785853797830,""
npm,@hubsync/web-sdk-react,6.3.19,present,scanned,malware,sent,default,1785853797770,""
npm,@hubsync/web-sdk-react,6.3.20,present,scanned,malware,sent,default,1785853797638,""
npm,@hubsync/web-sdk-react,6.3.21,present,scanned,malware,sent,default,1785853798013,""
npm,@hubsync/web-sdk-react,6.3.22,present,scanned,malware,sent,default,1785853798075,""
npm,@hubsync/web-sdk-react,6.3.23,present,scanned,malware,sent,default,1785853797952,""
npm,@hubsync/web-sdk-react,6.3.24,present,scanned,malware,sent,default,1785853798136,""
npm,@hubsync/web-sdk-react,6.3.25,present,scanned,malware,sent,default,1785853802663,""
npm,@hubsync/web-sdk-react,6.3.26,present,scanned,malware,sent,default,1785853802603,""
npm,@hubsync/web-sdk-react,6.3.27,present,scanned,malware,sent,default,1785853802424,""
npm,@hubsync/web-sdk-react,6.3.28,present,scanned,malware,sent,default,1785853802543,""
npm,@hubsync/web-sdk-react,6.3.29,present,scanned,malware,sent,default,1785853801904,""
npm,@hubsync/web-sdk-react,6.3.30,present,scanned,malware,sent,default,1785853802359,""
npm,@hubsync/web-sdk-react,6.3.31,present,scanned,malware,sent,default,1785853802483,""
npm,@hubsync/web-sdk-react,6.3.32,present,scanned,malware,sent,default,1785853802205,""
npm,@hubsync/web-sdk-react,6.3.33,present,scanned,malware,pending,default,1785854236000,""
npm,@hubsync/web-sdk-react,6.3.7,present,scanned,malware,sent,default,1785853802289,""
npm,@hubsync/web-sdk-react,6.3.8,present,scanned,malware,sent,default,1785853805254,""
npm,@hubsync/web-sdk-react,6.3.9,present,scanned,malware,sent,default,1785853805312,""
npm,@nebula.js/cli,7.1.2,present,scanned,malware,sent,default,1785853803069,""
npm,@nebula.js/cli-build,7.1.2,present,scanned,malware,pending,default,1785854236000,""
npm,@nebula.js/cli-sense,7.1.2,present,scanned,malware,sent,default,1785853803220,""
npm,@nebula.js/cli-serve,7.1.2,present,scanned,malware,sent,default,1785853804748,""
npm,@nebula.js/locale,0.6.2,present,scanned,malware,sent,default,1785853803169,""
npm,@nebula.js/nucleus,0.5.1,present,scanned,malware,pending,default,1785854236000,""
npm,@nebula.js/sn-action-button,2.3.1,present,scanned,malware,sent,default,1785853803729,""
npm,@nebula.js/sn-animator,2.13.1,present,scanned,malware,sent,default,1785853805119,""
npm,@nebula.js/sn-distributionplot,1.0.7,present,scanned,malware,sent,default,1785853806161,""
npm,@nebula.js/sn-layout-container,4.4.1,present,scanned,malware,sent,default,1785853807245,""
npm,@nebula.js/sn-line-chart,2.7.1,present,scanned,malware,sent,default,1785853806051,""
npm,@nebula.js/sn-listbox,0.19.3,present,scanned,malware,sent,default,1785853805875,""
npm,@nebula.js/sn-map,0.12.7,present,scanned,malware,sent,default,1785853808026,""
npm,@nebula.js/sn-nav-menu,0.14.2,present,scanned,malware,sent,default,1785853807591,""
npm,@nebula.js/sn-org-chart,1.7.1,present,scanned,malware,sent,default,1785853806875,""
npm,@nebula.js/sn-shape,1.5.1,present,scanned,malware,sent,default,1785853805814,""
npm,@nebula.js/sn-slider,0.20.1,present,scanned,malware,sent,default,1785853806919,""
npm,@nebula.js/sn-tabbed-container,2.4.1,present,scanned,malware,sent,default,1785853806963,""
npm,@nebula.js/snapshooter,0.6.1,present,scanned,malware,sent,default,1785853808655,""
npm,@nebula.js/stardust,7.1.2,present,scanned,malware,sent,default,1785853809647,""
npm,@nebula.js/test-utils,0.6.1,present,scanned,malware,sent,default,1785853808560,""
npm,@nebula.js/theme,0.6.1,present,scanned,malware,sent,default,1785853808978,""
npm,@onereach/authorizer-helper,0.0.11,present,scanned,malware,sent,default,1785853808407,""
npm,@onereach/authorizer-helper,0.0.12,present,scanned,malware,sent,default,1785853808469,""
npm,@onereach/authorizer-helper,0.0.13,present,scanned,malware,sent,default,1785846529194,""
npm,@onereach/bandwidth-steps-voice-bxml,0.1.1,present,scanned,malware,sent,default,1785853808438,""
npm,@onereach/bandwidth-steps-voice-bxml,0.1.2,present,scanned,malware,sent,default,1785853808374,""
npm,@onereach/bandwidth-steps-voice-bxml,0.1.3,present,scanned,malware,sent,default,1785846496984,""
npm,@onereach/billing-dto,27.2.1,present,scanned,malware,sent,default,1785846790684,""
npm,@onereach/billing-dto,27.2.2,present,scanned,malware,sent,default,1785845832043,""
npm,@onereach/billing-dto,27.2.3,present,scanned,malware,sent,default,1785846596185,""
npm,@onereach/billing-shared,27.2.1,present,scanned,malware,sent,default,1785853808530,""
npm,@onereach/billing-shared,27.2.2,present,scanned,malware,sent,default,1785853808499,""
npm,@onereach/billing-shared,27.2.3,present,scanned,malware,sent,default,1785846766041,""
npm,@onereach/cb-schema-translator,1.3.1,present,scanned,malware,sent,default,1785853810003,""
npm,@onereach/cb-schema-translator,1.3.2,present,scanned,malware,sent,default,1785853810044,""
npm,@onereach/cb-schema-translator,1.3.3,present,scanned,malware,sent,default,1785846674236,""
npm,@onereach/channel-transformer,0.0.66,present,scanned,malware,sent,default,1785853813663,""
npm,@onereach/channel-transformer,0.0.67,present,scanned,malware,sent,default,1785853813484,""
npm,@onereach/channel-transformer,0.0.68,present,scanned,malware,sent,default,1785846698830,""
npm,@onereach/channel-transformers,0.0.5,present,scanned,malware,sent,default,1785853810133,""
npm,@onereach/channel-transformers,0.0.6,present,scanned,malware,sent,default,1785853810090,""
npm,@onereach/channel-transformers,0.0.7,present,scanned,malware,sent,default,1785846596250,""
npm,@onereach/ckeditor5-build-classic,30.0.1,present,scanned,malware,sent,default,1785853810947,""
npm,@onereach/ckeditor5-build-classic,30.0.2,present,scanned,malware,sent,default,1785853810750,""
npm,@onereach/ckeditor5-build-classic,30.0.3,present,scanned,malware,sent,default,1785847063030,""
npm,@onereach/condition-builder,1.0.10,present,scanned,malware,sent,default,1785846975882,""
npm,@onereach/condition-builder,1.0.8,present,scanned,malware,sent,default,1785853811423,""
npm,@onereach/condition-builder,1.0.9,present,scanned,malware,sent,default,1785853811374,""
npm,@onereach/content-builder,0.0.18,present,scanned,malware,sent,default,1785853814126,""
npm,@onereach/content-builder,0.0.19,present,scanned,malware,sent,default,1785853814327,""
npm,@onereach/content-builder,0.0.20,present,scanned,malware,sent,default,1785846674109,""
npm,@onereach/content-builder-template-compiler,0.0.3,present,scanned,malware,sent,default,1785853814084,""
npm,@onereach/content-builder-template-compiler,0.0.4,present,scanned,malware,sent,default,1785853814052,""
npm,@onereach/content-builder-template-compiler,0.0.5,present,scanned,malware,sent,default,1785846512500,""
npm,@onereach/expression-components,9.1.1,present,scanned,malware,sent,default,1785853814223,""
npm,@onereach/expression-components,9.1.2,present,scanned,malware,sent,default,1785853814612,""
npm,@onereach/expression-components,9.1.3,present,scanned,malware,sent,default,1785846694565,""
npm,@onereach/font-icons,27.0.2,present,scanned,malware,sent,default,1785853814161,""
npm,@onereach/font-icons,27.0.3,present,scanned,malware,sent,default,1785853814191,""
npm,@onereach/font-icons,27.0.4,present,scanned,malware,sent,default,1785846615338,""
npm,@onereach/get-version-data,3.1.2,present,scanned,malware,sent,default,1785853814255,""
npm,@onereach/get-version-data,3.1.3,present,scanned,malware,sent,default,1785853814287,""
npm,@onereach/get-version-data,3.1.4,present,scanned,malware,sent,default,1785846496666,""
npm,@onereach/idw-apps,0.1.3,present,scanned,malware,sent,default,1785853815172,""
npm,@onereach/idw-apps,0.1.4,present,scanned,malware,sent,default,1785853815206,""
npm,@onereach/idw-apps,0.1.5,present,scanned,malware,sent,default,1785846529242,""
npm,@onereach/idw-contracts,0.1.2,present,scanned,malware,sent,default,1785853815299,""
npm,@onereach/idw-contracts,0.1.3,present,scanned,malware,sent,default,1785853815330,""
npm,@onereach/idw-contracts,0.1.4,present,scanned,malware,sent,default,1785846791634,""
npm,@onereach/idw-init-account-resources,1.0.1,present,scanned,malware,sent,default,1785846716417,""
npm,@onereach/idw-init-account-resources,1.0.2,present,scanned,malware,sent,default,1785846716426,""
npm,@onereach/idw-init-account-resources,1.0.3,present,scanned,malware,sent,default,1785846991527,""
npm,@onereach/idw-sdk,0.1.2,present,scanned,malware,sent,default,1785853815237,""
npm,@onereach/idw-sdk,0.1.3,present,scanned,malware,sent,default,1785853815268,""
npm,@onereach/idw-sdk,0.1.4,present,scanned,malware,sent,default,1785847025898,""
npm,@onereach/idw-ui-components,0.1.2,present,scanned,malware,sent,default,1785853815107,""
npm,@onereach/idw-ui-components,0.1.3,present,scanned,malware,sent,default,1785853815069,""
npm,@onereach/idw-ui-components,0.1.4,present,scanned,malware,sent,default,1785846487256,""
npm,@onereach/lambda-invocation,1.2.1,present,scanned,malware,sent,default,1785853815140,""
npm,@onereach/lambda-invocation,1.2.2,present,scanned,malware,sent,default,1785853815360,""
npm,@onereach/lambda-invocation,1.2.3,present,scanned,malware,sent,default,1785846974892,""
npm,@onereach/messengers-infobip-sdk,0.1.1,present,scanned,malware,sent,default,1785853815934,""
npm,@onereach/messengers-infobip-sdk,0.1.2,present,scanned,malware,sent,default,1785853815965,""
npm,@onereach/messengers-infobip-sdk,0.1.3,present,scanned,malware,sent,default,1785846674245,""
npm,@onereach/or-browser,0.0.48,present,scanned,malware,sent,default,1785853816079,""
npm,@onereach/or-browser,0.0.49,present,scanned,malware,sent,default,1785853815857,""
npm,@onereach/or-browser,0.0.50,present,scanned,malware,sent,default,1785846529225,""
npm,@onereach/or-browser-next,0.0.11,present,scanned,malware,sent,default,1785853816043,""
npm,@onereach/or-browser-next,0.0.12,present,scanned,malware,sent,default,1785853816004,""
npm,@onereach/or-browser-next,0.0.13,present,scanned,malware,sent,default,1785847043414,""
npm,@onereach/or-content-builder-renderer,0.0.2,present,scanned,malware,sent,default,1785853815774,""
npm,@onereach/or-content-builder-renderer,0.0.3,present,scanned,malware,sent,default,1785853815813,""
npm,@onereach/or-content-builder-renderer,0.0.4,present,scanned,malware,sent,default,1785846615326,""
npm,@onereach/or-file-uploader-next,0.0.10,present,scanned,malware,sent,default,1785846674120,""
npm,@onereach/or-file-uploader-next,0.0.8,present,scanned,malware,sent,default,1785853816117,""
npm,@onereach/or-file-uploader-next,0.0.9,present,scanned,malware,sent,default,1785853815904,""
npm,@onereach/or-pro,1.13.1,present,scanned,malware,pending,default,1785853817268,""
npm,@onereach/or-pro,1.13.2,present,scanned,malware,pending,default,1785853817034,""
npm,@onereach/or-pro,1.13.3,present,scanned,malware,sent,default,1785846792190,""
npm,@onereach/or-sdk-agent-cli,0.0.6,present,scanned,malware,pending,default,1785854360000,""
npm,@onereach/or-sdk-agent-cli,0.0.7,present,scanned,malware,pending,default,1785853816881,""
npm,@onereach/or-sdk-agent-cli,0.0.8,present,scanned,malware,sent,default,1785846791991,""
npm,@onereach/orest-cli,2.4.1,present,scanned,malware,pending,default,1785853816984,""
npm,@onereach/orest-cli,2.4.2,present,scanned,malware,pending,default,1785853816932,""
npm,@onereach/orest-cli,2.4.3,present,scanned,malware,sent,default,1785846596342,""
npm,@onereach/orest-input-cli,1.18.1,present,scanned,malware,pending,default,1785853816673,""
npm,@onereach/orest-input-cli,1.18.2,present,scanned,malware,pending,default,1785853816623,""
npm,@onereach/orest-input-cli,1.18.3,present,scanned,malware,sent,default,1785846813048,""
npm,@onereach/orest-jest-presets,0.0.3,present,scanned,malware,pending,default,1785853816704,""
npm,@onereach/orest-jest-presets,0.0.4,present,scanned,malware,sent,default,1785853816528,""
npm,@onereach/orest-jest-presets,0.0.5,present,scanned,malware,sent,default,1785846512378,""
npm,@onereach/orest-vue-demi-vue2,0.0.4,present,scanned,malware,sent,default,1785853816495,""
npm,@onereach/orest-vue-demi-vue2,0.0.5,present,scanned,malware,pending,default,1785853817672,""
npm,@onereach/orest-vue-demi-vue2,0.0.6,present,scanned,malware,sent,default,1785846496687,""
npm,@onereach/orest-vue-demi-vue3,0.0.4,present,scanned,malware,pending,default,1785853817818,""
npm,@onereach/orest-vue-demi-vue3,0.0.5,present,scanned,malware,pending,default,1785853817722,""
npm,@onereach/orest-vue-demi-vue3,0.0.6,present,scanned,malware,sent,default,1785846496566,""
npm,@onereach/orest-vue3,0.0.4,present,scanned,malware,pending,default,1785853817787,""
npm,@onereach/orest-vue3,0.0.5,present,scanned,malware,pending,default,1785853817756,""
npm,@onereach/orest-vue3,0.0.6,present,scanned,malware,sent,default,1785846615394,""
npm,@onereach/phonenumber-interpreter,0.0.18,present,scanned,malware,pending,default,1785853817967,""
npm,@onereach/phonenumber-interpreter,0.0.19,present,scanned,malware,pending,default,1785853817932,""
npm,@onereach/phonenumber-interpreter,0.0.20,present,scanned,malware,sent,default,1785846512723,""
npm,@onereach/pnpm-audit-junit,1.0.3,present,scanned,malware,pending,default,1785853817896,""
npm,@onereach/pnpm-audit-junit,1.0.4,present,scanned,malware,pending,default,1785853817858,""
npm,@onereach/pnpm-audit-junit,1.0.5,present,scanned,malware,sent,default,1785846512429,""
npm,@onereach/postcss-scoped-selector,1.2.1,present,scanned,malware,pending,default,1785853817638,""
npm,@onereach/postcss-scoped-selector,1.2.2,present,scanned,malware,pending,default,1785853818305,""
npm,@onereach/postcss-scoped-selector,1.2.3,present,scanned,malware,sent,default,1785846529266,""
npm,@onereach/regex-helper,0.5.16,present,scanned,malware,pending,default,1785853819537,""
npm,@onereach/regex-helper,0.5.17,present,scanned,malware,pending,default,1785853819399,""
npm,@onereach/regex-helper,0.5.18,present,scanned,malware,sent,default,1785846547638,""
npm,@onereach/regular-expressions,0.5.23,present,scanned,malware,pending,default,1785853819438,""
npm,@onereach/regular-expressions,0.5.24,present,scanned,malware,pending,default,1785853819571,""
npm,@onereach/regular-expressions,0.5.25,present,scanned,malware,sent,default,1785846813781,""
npm,@onereach/regular-expressions-test,0.0.4,present,scanned,malware,pending,default,1785853819472,""
npm,@onereach/regular-expressions-test,0.0.5,present,scanned,malware,pending,default,1785853819505,""
npm,@onereach/regular-expressions-test,0.0.6,present,scanned,malware,sent,default,1785846813847,""
npm,@onereach/rwc-client,6.4.7,present,scanned,malware,sent,default,1785846893956,""
npm,@onereach/rwc-client,6.4.8,present,scanned,malware,sent,default,1785846909419,""
npm,@onereach/rwc-client,6.4.9,present,scanned,malware,sent,default,1785846677011,""
npm,@onereach/salesforce-miaw-client,0.0.3,present,scanned,malware,pending,default,1785853818494,""
npm,@onereach/salesforce-miaw-client,0.0.4,present,scanned,malware,pending,default,1785853818539,""
npm,@onereach/salesforce-miaw-client,0.0.5,present,scanned,malware,sent,default,1785846496764,""
npm,@onereach/si-a-button,0.0.3,present,scanned,malware,pending,default,1785853818937,""
npm,@onereach/si-a-button,0.0.4,present,scanned,malware,pending,default,1785853820747,""
npm,@onereach/si-a-button,0.0.5,present,scanned,malware,sent,default,1785846615789,""
npm,@onereach/si-alert,0.4.11,present,scanned,malware,pending,default,1785853820426,""
npm,@onereach/si-alert,0.4.12,present,scanned,malware,pending,default,1785853820374,""
npm,@onereach/si-alert,0.4.13,present,scanned,malware,sent,default,1785846615499,""
npm,@onereach/si-checkbox,0.6.5,present,scanned,malware,pending,default,1785853820838,""
npm,@onereach/si-checkbox,0.6.6,present,scanned,malware,pending,default,1785853820888,""
npm,@onereach/si-checkbox,0.6.7,present,scanned,malware,sent,default,1785846992703,""
npm,@onereach/si-checkbox-group,0.3.5,present,scanned,malware,pending,default,1785853821097,""
npm,@onereach/si-checkbox-group,0.3.6,present,scanned,malware,pending,default,1785853820995,""
npm,@onereach/si-checkbox-group,0.3.7,present,scanned,malware,sent,default,1785847009145,""
npm,@onereach/si-code,0.6.4,present,scanned,malware,pending,default,1785853821065,""
npm,@onereach/si-code,0.6.5,present,scanned,malware,pending,default,1785853821030,""
npm,@onereach/si-code,0.6.6,present,scanned,malware,sent,default,1785847043696,""
npm,@onereach/si-collapsible-group,0.6.4,present,scanned,malware,pending,default,1785853820930,""
npm,@onereach/si-collapsible-group,0.6.5,present,scanned,malware,pending,default,1785853822347,""
npm,@onereach/si-collapsible-group,0.6.6,present,scanned,malware,sent,default,1785846674778,""
npm,@onereach/si-copyable-text,0.4.11,present,scanned,malware,pending,default,1785853822246,""
npm,@onereach/si-copyable-text,0.4.12,present,scanned,malware,pending,default,1785853822303,""
npm,@onereach/si-copyable-text,0.4.13,present,scanned,malware,sent,default,1785846547202,""
npm,@onereach/si-datepicker,0.4.5,present,scanned,malware,pending,default,1785853822486,""
npm,@onereach/si-datepicker,0.4.6,present,scanned,malware,pending,default,1785853822452,""
npm,@onereach/si-datepicker,0.4.7,present,scanned,malware,sent,default,1785847062512,""
npm,@onereach/si-divider,0.4.11,present,scanned,malware,pending,default,1785853821870,""
npm,@onereach/si-divider,0.4.12,present,scanned,malware,pending,default,1785853821838,""
npm,@onereach/si-divider,0.4.13,present,scanned,malware,sent,default,1785846717322,""
npm,@onereach/si-dropdown-advanced,0.4.5,present,scanned,malware,pending,default,1785853822661,""
npm,@onereach/si-dropdown-advanced,0.4.6,present,scanned,malware,pending,default,1785853822522,""
npm,@onereach/si-dropdown-advanced,0.4.7,present,scanned,malware,sent,default,1785847026415,""
npm,@onereach/si-dropdown-simple,0.4.5,present,scanned,malware,pending,default,1785853822384,""
npm,@onereach/si-dropdown-simple,0.4.6,present,scanned,malware,pending,default,1785853825456,""
npm,@onereach/si-dropdown-simple,0.4.7,present,scanned,malware,sent,default,1785847026637,""
npm,@onereach/si-header,0.4.11,present,scanned,malware,pending,default,1785853824755,""
npm,@onereach/si-header,0.4.12,present,scanned,malware,pending,default,1785853824637,""
npm,@onereach/si-header,0.4.13,present,scanned,malware,pending,default,1785853824893,""
npm,@onereach/si-header,0.4.14,present,scanned,malware,sent,default,1785846512675,""
npm,@onereach/si-list,0.7.4,present,scanned,malware,pending,default,1785853825693,""
npm,@onereach/si-list,0.7.5,present,scanned,malware,pending,default,1785853825660,""
npm,@onereach/si-list,0.7.6,present,scanned,malware,sent,default,1785846717692,""
npm,@onereach/si-merge-tag-input,0.4.5,present,scanned,malware,pending,default,1785853825493,""
npm,@onereach/si-merge-tag-input,0.4.6,present,scanned,malware,pending,default,1785853825402,""
npm,@onereach/si-merge-tag-input,0.4.7,present,scanned,malware,sent,default,1785846547274,""
npm,@onereach/si-radio-group,0.3.5,present,scanned,malware,pending,default,1785853825729,""
npm,@onereach/si-radio-group,0.3.6,present,scanned,malware,pending,default,1785853825556,""
npm,@onereach/si-radio-group,0.3.7,present,scanned,malware,sent,default,1785846992561,""
npm,@onereach/si-root,0.9.4,present,scanned,malware,pending,default,1785853827606,""
npm,@onereach/si-root,0.9.5,present,scanned,malware,pending,default,1785853827382,""
npm,@onereach/si-root,0.9.6,present,scanned,malware,sent,default,1785846813448,""
npm,@onereach/si-select,0.1.3,present,scanned,malware,pending,default,1785853827335,""
npm,@onereach/si-select,0.1.4,present,scanned,malware,pending,default,1785853827416,""
npm,@onereach/si-select,0.1.5,present,scanned,malware,sent,default,1785846695343,""
npm,@onereach/si-step-chooser,0.4.4,present,scanned,malware,pending,default,1785853827459,""
npm,@onereach/si-step-chooser,0.4.5,present,scanned,malware,pending,default,1785853827498,""
npm,@onereach/si-step-chooser,0.4.6,present,scanned,malware,sent,default,1785847062358,""
npm,@onereach/si-switch,0.4.5,present,scanned,malware,pending,default,1785853827691,""
npm,@onereach/si-switch,0.4.6,present,scanned,malware,pending,default,1785853827655,""
npm,@onereach/si-switch,0.4.7,present,scanned,malware,sent,default,1785846497909,""
npm,@onereach/si-text-message,0.4.5,present,scanned,malware,pending,default,1785853827532,""
npm,@onereach/si-text-message,0.4.6,present,scanned,malware,pending,default,1785853827566,""
npm,@onereach/si-text-message,0.4.7,present,scanned,malware,sent,default,1785846695553,""
npm,@onereach/si-textinput,0.5.5,present,scanned,malware,pending,default,1785853829654,""
npm,@onereach/si-textinput,0.5.6,present,scanned,malware,pending,default,1785853829736,""
npm,@onereach/si-textinput,0.5.7,present,scanned,malware,sent,default,1785846547205,""
npm,@onereach/si-validated-timestring-input,0.3.5,present,scanned,malware,pending,default,1785853829772,""
npm,@onereach/si-validated-timestring-input,0.3.6,present,scanned,malware,pending,default,1785853829695,""
npm,@onereach/si-validated-timestring-input,0.3.7,present,scanned,malware,sent,default,1785847062445,""
npm,@onereach/slack-helpers,1.0.3,present,scanned,malware,pending,default,1785853829616,""
npm,@onereach/slack-helpers,1.0.4,present,scanned,malware,pending,default,1785853829480,""
npm,@onereach/slack-helpers,1.0.5,present,scanned,malware,sent,default,1785846546787,""
npm,@onereach/ssml-editor,2.0.12,present,scanned,malware,pending,default,1785853828145,""
npm,@onereach/ssml-editor,2.0.13,present,scanned,malware,pending,default,1785853829431,""
npm,@onereach/ssml-editor,2.0.14,present,scanned,malware,sent,default,1785846974854,""
npm,@onereach/step-components,0.1.37,present,scanned,malware,pending,default,1785853829525,""
npm,@onereach/step-components,0.1.38,present,scanned,malware,pending,default,1785853829566,""
npm,@onereach/step-components,0.1.39,present,scanned,malware,sent,default,1785846791774,""
npm,@onereach/step-conversation,1.0.41,present,scanned,malware,pending,default,1785853830128,""
npm,@onereach/step-conversation,1.0.42,present,scanned,malware,pending,default,1785853830177,""
npm,@onereach/step-conversation,1.0.43,present,scanned,malware,sent,default,1785846512412,""
npm,@onereach/step-run-snowflake-query,0.1.1,present,scanned,malware,pending,default,1785853830268,""
npm,@onereach/step-run-snowflake-query,0.1.2,present,scanned,malware,pending,default,1785853830225,""
npm,@onereach/step-run-snowflake-query,0.1.3,present,scanned,malware,sent,default,1785846766034,""
npm,@onereach/step-voice,7.0.32,present,scanned,malware,sent,default,1785846528750,""
npm,@onereach/step-voice,7.0.33,present,scanned,malware,sent,default,1785846528760,""
npm,@onereach/step-voice,7.0.34,present,scanned,malware,sent,default,1785847061207,""
npm,@onereach/styles,27.0.2,present,scanned,malware,sent,default,1785846633597,""
npm,@onereach/styles,27.0.3,present,scanned,malware,sent,default,1785846656012,""
npm,@onereach/styles,27.0.4,present,scanned,malware,sent,default,1785847061199,""
npm,@onereach/time-interpreter,1.0.30,present,scanned,malware,pending,default,1785853830411,""
npm,@onereach/time-interpreter,1.0.31,present,scanned,malware,pending,default,1785853830733,""
npm,@onereach/time-interpreter,1.0.32,present,scanned,malware,sent,default,1785846717167,""
npm,@onereach/ts-memoize,1.0.2,present,scanned,malware,pending,default,1785853830377,""
npm,@onereach/ts-memoize,1.0.3,present,scanned,malware,pending,default,1785853830342,""
npm,@onereach/ts-memoize,1.0.4,present,scanned,malware,sent,default,1785846570471,""
npm,@onereach/types-contacts-api,9.0.10,present,scanned,malware,sent,default,1785846766055,""
npm,@onereach/types-contacts-api,9.0.8,present,scanned,malware,pending,default,1785853830308,""
npm,@onereach/types-contacts-api,9.0.9,present,scanned,malware,pending,default,1785853830469,""
npm,@onereach/ui-components,27.0.2,present,scanned,malware,sent,default,1785846656001,""
npm,@onereach/ui-components,27.0.3,present,scanned,malware,sent,default,1785846673598,""
npm,@onereach/ui-components,27.0.4,present,scanned,malware,sent,default,1785847025353,""
npm,@onereach/ui-components-common,27.0.2,present,scanned,malware,sent,default,1785846655878,""
npm,@onereach/ui-components-common,27.0.3,present,scanned,malware,sent,default,1785846656020,""
npm,@onereach/ui-components-common,27.0.4,present,scanned,malware,sent,default,1785846812559,""
npm,@onereach/ui-components-vue2,27.0.2,present,scanned,malware,sent,default,1785846655935,""
npm,@onereach/ui-components-vue2,27.0.3,present,scanned,malware,sent,default,1785846673550,""
npm,@onereach/ui-components-vue2,27.0.4,present,scanned,malware,sent,default,1785846570920,""
npm,@onereach/v-event-calendar,0.1.22,present,scanned,malware,pending,default,1785853831705,""
npm,@onereach/v-event-calendar,0.1.23,present,scanned,malware,pending,default,1785853831858,""
npm,@onereach/v-event-calendar,0.1.24,present,scanned,malware,sent,default,1785846992530,""
npm,@onereach/webform,0.3.13,present,scanned,malware,pending,default,1785853832119,""
npm,@onereach/webform,0.3.14,present,scanned,malware,pending,default,1785853832181,""
npm,@onereach/webform,0.3.15,present,scanned,malware,sent,default,1785847009299,""
npm,@or-sdk/account-settings,1.3.6,present,scanned,malware,sent,default,1785846733258,""
npm,@or-sdk/account-settings,1.3.7,present,scanned,malware,sent,default,1785846749843,""
npm,@or-sdk/account-settings,1.3.8,present,scanned,malware,sent,default,1785846694573,""
npm,@or-sdk/accounts,2.3.5,present,scanned,malware,sent,default,1785846749830,""
npm,@or-sdk/accounts,2.3.6,present,scanned,malware,sent,default,1785846749832,""
npm,@or-sdk/accounts,2.3.7,present,scanned,malware,sent,default,1785846570475,""
npm,@or-sdk/adapters,0.3.6,present,scanned,malware,sent,default,1785846845952,""
npm,@or-sdk/adapters,0.3.7,present,scanned,malware,sent,default,1785846926625,""
npm,@or-sdk/adapters,0.3.8,present,scanned,malware,sent,default,1785846596217,""
npm,@or-sdk/agents,4.21.3,present,scanned,malware,sent,default,1785846633564,""
npm,@or-sdk/agents,4.21.4,present,scanned,malware,sent,default,1785846673556,""
npm,@or-sdk/agents,4.21.5,present,scanned,malware,sent,default,1785847042658,""
npm,@or-sdk/api-tokens,1.4.2,present,scanned,malware,sent,default,1785846845961,""
npm,@or-sdk/api-tokens,1.4.3,present,scanned,malware,sent,default,1785846909397,""
npm,@or-sdk/api-tokens,1.4.4,present,scanned,malware,sent,default,1785846512431,""
npm,@or-sdk/api-tokens-lambda,1.4.2,present,scanned,malware,pending,default,1785853831269,""
npm,@or-sdk/api-tokens-lambda,1.4.3,present,scanned,malware,pending,default,1785853831227,""
npm,@or-sdk/api-tokens-lambda,1.4.4,present,scanned,malware,sent,default,1785846596862,""
npm,@or-sdk/apps,1.2.6,present,scanned,malware,sent,default,1785846633571,""
npm,@or-sdk/apps,1.2.7,present,scanned,malware,sent,default,1785846656005,""
npm,@or-sdk/apps,1.2.8,present,scanned,malware,sent,default,1785846512402,""
npm,@or-sdk/auth,0.38.1,present,scanned,malware,sent,default,1785846595612,""
npm,@or-sdk/auth,0.38.2,present,scanned,malware,sent,default,1785846595622,""
npm,@or-sdk/auth,0.38.3,present,scanned,malware,sent,default,1785847042670,""
npm,@or-sdk/authorizer,0.26.7,present,scanned,malware,sent,default,1785846633578,""
npm,@or-sdk/authorizer,0.26.8,present,scanned,malware,sent,default,1785846656029,""
npm,@or-sdk/authorizer,0.26.9,present,scanned,malware,sent,default,1785847025362,""
npm,@or-sdk/base,0.44.4,present,scanned,malware,pending,default,1785853831481,""
npm,@or-sdk/base,0.44.5,present,scanned,malware,pending,default,1785853831433,""
npm,@or-sdk/base,0.44.6,present,scanned,malware,sent,default,1785846813099,""
npm,@or-sdk/billing,27.2.1,present,scanned,malware,sent,default,1785845834905,""
npm,@or-sdk/billing,27.2.2,present,scanned,malware,sent,default,1785845834913,""
npm,@or-sdk/billing,27.2.3,present,scanned,malware,sent,default,1785846790899,""
npm,@or-sdk/billing-internal,27.2.1,present,scanned,malware,sent,default,1785845834901,""
npm,@or-sdk/billing-internal,27.2.2,present,scanned,malware,sent,default,1785845834909,""
npm,@or-sdk/billing-internal,27.2.3,present,scanned,malware,sent,default,1785847042673,""
npm,@or-sdk/bot-templates,2.2.5,present,scanned,malware,sent,default,1785846893958,""
npm,@or-sdk/bot-templates,2.2.6,present,scanned,malware,sent,default,1785846909393,""
npm,@or-sdk/bot-templates,2.2.7,present,scanned,malware,sent,default,1785846570448,""
npm,@or-sdk/bots,1.7.1,present,scanned,malware,sent,default,1785846878819,""
npm,@or-sdk/bots,1.7.2,present,scanned,malware,sent,default,1785846926629,""
npm,@or-sdk/bots,1.7.3,present,scanned,malware,sent,default,1785846615362,""
npm,@or-sdk/card-templates,2.2.5,present,scanned,malware,sent,default,1785846829389,""
npm,@or-sdk/card-templates,2.2.6,present,scanned,malware,sent,default,1785846974403,""
npm,@or-sdk/card-templates,2.2.7,present,scanned,malware,sent,default,1785847042664,""
npm,@or-sdk/cards,1.2.5,present,scanned,malware,sent,default,1785846863207,""
npm,@or-sdk/cards,1.2.6,present,scanned,malware,sent,default,1785846926635,""
npm,@or-sdk/cards,1.2.7,present,scanned,malware,sent,default,1785846546461,""
npm,@or-sdk/ccp,10.15.4,present,scanned,malware,pending,default,1785853831330,""
npm,@or-sdk/ccp,10.15.5,present,scanned,malware,pending,default,1785853831383,""
npm,@or-sdk/ccp,10.15.6,present,scanned,malware,sent,default,1785846615365,""
npm,@or-sdk/chat,0.3.1,present,scanned,malware,pending,default,1785853832740,""
npm,@or-sdk/chat,0.3.2,present,scanned,malware,pending,default,1785853832658,""
npm,@or-sdk/chat,0.3.3,present,scanned,malware,sent,default,1785846812987,""
npm,@or-sdk/contacts,4.7.5,present,scanned,malware,sent,default,1785846893970,""
npm,@or-sdk/contacts,4.7.6,present,scanned,malware,sent,default,1785846958320,""
npm,@or-sdk/contacts,4.7.7,present,scanned,malware,sent,default,1785846991529,""
npm,@or-sdk/content-request,0.2.6,present,scanned,malware,sent,default,1785846633592,""
npm,@or-sdk/content-request,0.2.7,present,scanned,malware,sent,default,1785846656023,""
npm,@or-sdk/content-request,0.2.8,present,scanned,malware,sent,default,1785846716439,""
npm,@or-sdk/data-hub,0.26.5,present,scanned,malware,sent,default,1785846863201,""
npm,@or-sdk/data-hub,0.26.6,present,scanned,malware,sent,default,1785846942389,""
npm,@or-sdk/data-hub,0.26.7,present,scanned,malware,sent,default,1785846974416,""
npm,@or-sdk/data-hub-svc,2.3.5,present,scanned,malware,sent,default,1785846829385,""
npm,@or-sdk/data-hub-svc,2.3.6,present,scanned,malware,sent,default,1785846926620,""
npm,@or-sdk/data-hub-svc,2.3.7,present,scanned,malware,sent,default,1785846991521,""
npm,@or-sdk/deployer,1.7.5,present,scanned,malware,sent,default,1785846863194,""
npm,@or-sdk/deployer,1.7.6,present,scanned,malware,sent,default,1785846958324,""
npm,@or-sdk/deployer,1.7.7,present,scanned,malware,sent,default,1785846716934,""
npm,@or-sdk/deployments,2.1.5,present,scanned,malware,sent,default,1785846893963,""
npm,@or-sdk/deployments,2.1.6,present,scanned,malware,sent,default,1785846942379,""
npm,@or-sdk/deployments,2.1.7,present,scanned,malware,sent,default,1785846596206,""
npm,@or-sdk/discovery,1.12.1,present,scanned,malware,sent,default,1785846829386,""
npm,@or-sdk/discovery,1.12.2,present,scanned,malware,sent,default,1785846909399,""
npm,@or-sdk/discovery,1.12.3,present,scanned,malware,sent,default,1785847042659,""
npm,@or-sdk/druid,1.4.7,present,scanned,malware,sent,default,1785846633585,""
npm,@or-sdk/druid,1.4.8,present,scanned,malware,sent,default,1785846656017,""
npm,@or-sdk/druid,1.4.9,present,scanned,malware,sent,default,1785847008141,""
npm,@or-sdk/event-manager,1.1.5,present,scanned,malware,sent,default,1785846878825,""
npm,@or-sdk/event-manager,1.1.6,present,scanned,malware,sent,default,1785846942372,""
npm,@or-sdk/event-manager,1.1.7,present,scanned,malware,sent,default,1785846791490,""
npm,@or-sdk/files,3.11.6,present,scanned,malware,sent,default,1785846845960,""
npm,@or-sdk/files,3.11.7,present,scanned,malware,sent,default,1785846942382,""
npm,@or-sdk/files,3.11.8,present,scanned,malware,sent,default,1785847042665,""
npm,@or-sdk/files-sync-node,0.1.10,present,scanned,malware,sent,default,1785846716942,""
npm,@or-sdk/files-sync-node,0.1.8,present,scanned,malware,sent,default,1785846845947,""
npm,@or-sdk/files-sync-node,0.1.9,present,scanned,malware,sent,default,1785846909386,""
npm,@or-sdk/flow-templates,2.1.5,present,scanned,malware,sent,default,1785846845949,""
npm,@or-sdk/flow-templates,2.1.6,present,scanned,malware,sent,default,1785846893996,""
npm,@or-sdk/flow-templates,2.1.7,present,scanned,malware,sent,default,1785846694697,""
npm,@or-sdk/flows,2.7.10,present,scanned,malware,sent,default,1785846812562,""
npm,@or-sdk/flows,2.7.8,present,scanned,malware,sent,default,1785846733254,""
npm,@or-sdk/flows,2.7.9,present,scanned,malware,sent,default,1785846765576,""
npm,@or-sdk/graph,1.10.5,present,scanned,malware,sent,default,1785846878827,""
npm,@or-sdk/graph,1.10.6,present,scanned,malware,sent,default,1785846926640,""
npm,@or-sdk/graph,1.10.7,present,scanned,malware,sent,default,1785846615289,""
npm,@or-sdk/hitl,0.41.1,present,scanned,malware,sent,default,1785846845957,""
npm,@or-sdk/hitl,0.41.2,present,scanned,malware,sent,default,1785846926638,""
npm,@or-sdk/hitl,0.41.3,present,scanned,malware,sent,default,1785846695110,""
npm,@or-sdk/identifiers,0.27.6,present,scanned,malware,sent,default,1785846733256,""
npm,@or-sdk/identifiers,0.27.7,present,scanned,malware,sent,default,1785846765573,""
npm,@or-sdk/identifiers,0.27.8,present,scanned,malware,sent,default,1785846991559,""
npm,@or-sdk/idw,9.0.4,present,scanned,malware,sent,default,1785846863203,""
npm,@or-sdk/idw,9.0.5,present,scanned,malware,sent,default,1785846909422,""
npm,@or-sdk/idw,9.0.6,present,scanned,malware,sent,default,1785846766066,""
npm,@or-sdk/idw-public,1.6.6,present,scanned,malware,sent,default,1785846633566,""
npm,@or-sdk/idw-public,1.6.7,present,scanned,malware,sent,default,1785846673559,""
npm,@or-sdk/idw-public,1.6.8,present,scanned,malware,sent,default,1785847042660,""
npm,@or-sdk/idw-skill,1.4.1,present,scanned,malware,sent,default,1785846863195,""
npm,@or-sdk/idw-skill,1.4.2,present,scanned,malware,sent,default,1785846942383,""
npm,@or-sdk/idw-skill,1.4.3,present,scanned,malware,sent,default,1785846974426,""
npm,@or-sdk/invitations,1.4.10,present,scanned,malware,sent,default,1785846596195,""
npm,@or-sdk/invitations,1.4.8,present,scanned,malware,sent,default,1785846749826,""
npm,@or-sdk/invitations,1.4.9,present,scanned,malware,sent,default,1785846749835,""
npm,@or-sdk/key-value-storage,0.28.6,present,scanned,malware,sent,default,1785846733250,""
npm,@or-sdk/key-value-storage,0.28.7,present,scanned,malware,sent,default,1785846749841,""
npm,@or-sdk/key-value-storage,0.28.8,present,scanned,malware,sent,default,1785847008150,""
npm,@or-sdk/keys,1.2.6,present,scanned,malware,sent,default,1785846749828,""
npm,@or-sdk/keys,1.2.7,present,scanned,malware,sent,default,1785846749837,""
npm,@or-sdk/keys,1.2.8,present,scanned,malware,sent,default,1785846546439,""
npm,@or-sdk/knowledge-models,0.25.5,present,scanned,malware,sent,default,1785846863192,""
npm,@or-sdk/knowledge-models,0.25.6,present,scanned,malware,sent,default,1785846942387,""
npm,@or-sdk/knowledge-models,0.25.7,present,scanned,malware,sent,default,1785846694784,""
npm,@or-sdk/library,0.5.6,present,scanned,malware,sent,default,1785846863199,""
npm,@or-sdk/library,0.5.7,present,scanned,malware,sent,default,1785846893994,""
npm,@or-sdk/library,0.5.8,present,scanned,malware,sent,default,1785847061187,""
npm,@or-sdk/library-categories,0.2.6,present,scanned,malware,sent,default,1785846633588,""
npm,@or-sdk/library-categories,0.2.7,present,scanned,malware,sent,default,1785846656009,""
npm,@or-sdk/library-categories,0.2.8,present,scanned,malware,sent,default,1785846546403,""
npm,@or-sdk/library-source,0.4.5,present,scanned,malware,sent,default,1785846845954,""
npm,@or-sdk/library-source,0.4.6,present,scanned,malware,sent,default,1785846926632,""
npm,@or-sdk/library-source,0.4.7,present,scanned,malware,sent,default,1785846496640,""
npm,@or-sdk/library-types-v1,9.0.1,present,scanned,malware,pending,default,1785853833872,""
npm,@or-sdk/library-types-v1,9.0.2,present,scanned,malware,pending,default,1785853833836,""
npm,@or-sdk/library-types-v1,9.0.3,present,scanned,malware,sent,default,1785846975826,""
npm,@or-sdk/library-types-v2,9.0.1,present,scanned,malware,pending,default,1785853833799,""
npm,@or-sdk/library-types-v2,9.0.2,present,scanned,malware,pending,default,1785853833764,""
npm,@or-sdk/library-types-v2,9.0.3,present,scanned,malware,sent,default,1785847027298,""
npm,@or-sdk/lookup,1.25.1,present,scanned,malware,sent,default,1785846845963,""
npm,@or-sdk/lookup,1.25.2,present,scanned,malware,sent,default,1785846958311,""
npm,@or-sdk/lookup,1.25.3,present,scanned,malware,sent,default,1785847042667,""
npm,@or-sdk/markdowner,0.5.1,present,scanned,malware,sent,default,1785846829383,""
npm,@or-sdk/markdowner,0.5.2,present,scanned,malware,sent,default,1785846958315,""
npm,@or-sdk/markdowner,0.5.3,present,scanned,malware,sent,default,1785846791516,""
npm,@or-sdk/mcp-tools,0.5.2,present,scanned,malware,sent,default,1785846829379,""
npm,@or-sdk/mcp-tools,0.5.3,present,scanned,malware,sent,default,1785846942385,""
npm,@or-sdk/mcp-tools,0.5.4,present,scanned,malware,sent,default,1785846974404,""
npm,@or-sdk/notifications,1.7.5,present,scanned,malware,sent,default,1785846863164,""
npm,@or-sdk/notifications,1.7.6,present,scanned,malware,sent,default,1785846958317,""
npm,@or-sdk/notifications,1.7.7,present,scanned,malware,sent,default,1785846812947,""
npm,@or-sdk/password,1.3.6,present,scanned,malware,sent,default,1785846733260,""
npm,@or-sdk/password,1.3.7,present,scanned,malware,sent,default,1785846749838,""
npm,@or-sdk/password,1.3.8,present,scanned,malware,sent,default,1785846512345,""
npm,@or-sdk/payments,3.2.5,present,scanned,malware,sent,default,1785846878824,""
npm,@or-sdk/payments,3.2.6,present,scanned,malware,sent,default,1785846942375,""
npm,@or-sdk/payments,3.2.7,present,scanned,malware,sent,default,1785846694694,""
npm,@or-sdk/permissions,2.8.1,present,scanned,malware,sent,default,1785846878828,""
npm,@or-sdk/permissions,2.8.2,present,scanned,malware,sent,default,1785846893991,""
npm,@or-sdk/permissions,2.8.3,present,scanned,malware,sent,default,1785846546650,""
npm,@or-sdk/permissions-cli,1.4.1,present,scanned,malware,sent,default,1785846569842,""
npm,@or-sdk/permissions-cli,1.4.2,present,scanned,malware,sent,default,1785846569845,""
npm,@or-sdk/permissions-cli,1.4.3,present,scanned,malware,sent,default,1785846569849,""
npm,@or-sdk/permissions-lambda,2.5.1,present,scanned,malware,pending,default,1785853832697,""
npm,@or-sdk/permissions-lambda,2.5.2,present,scanned,malware,pending,default,1785853832779,""
npm,@or-sdk/permissions-lambda,2.5.3,present,scanned,malware,sent,default,1785846570471,""
npm,@or-sdk/pgsql,1.5.1,present,scanned,malware,sent,default,1785846893964,""
npm,@or-sdk/pgsql,1.5.2,present,scanned,malware,sent,default,1785846958306,""
npm,@or-sdk/pgsql,1.5.3,present,scanned,malware,sent,default,1785847008144,""
npm,@or-sdk/providers,0.3.6,present,scanned,malware,sent,default,1785846845941,""
npm,@or-sdk/providers,0.3.7,present,scanned,malware,sent,default,1785846909391,""
npm,@or-sdk/providers,0.3.8,present,scanned,malware,sent,default,1785846615348,""
npm,@or-sdk/qna,3.4.2,present,scanned,malware,pending,default,1785853832816,""
npm,@or-sdk/qna,3.4.3,present,scanned,malware,pending,default,1785853832851,""
npm,@or-sdk/qna,3.4.4,present,scanned,malware,sent,default,1785846974872,""
npm,@or-sdk/queue-manager,1.4.6,present,scanned,malware,sent,default,1785846633569,""
npm,@or-sdk/queue-manager,1.4.7,present,scanned,malware,sent,default,1785846633599,""
npm,@or-sdk/queue-manager,1.4.8,present,scanned,malware,sent,default,1785846991576,""
npm,@or-sdk/sdk-api,0.29.2,present,scanned,malware,sent,default,1785846863205,""
npm,@or-sdk/sdk-api,0.29.3,present,scanned,malware,sent,default,1785846716918,""
npm,@or-sdk/sdk-api,0.29.4,present,scanned,malware,sent,default,1785846716911,""
npm,@or-sdk/settings,0.25.6,present,scanned,malware,sent,default,1785846733262,""
npm,@or-sdk/settings,0.25.7,present,scanned,malware,sent,default,1785846765570,""
npm,@or-sdk/settings,0.25.8,present,scanned,malware,sent,default,1785846570453,""
npm,@or-sdk/sku-builder,2.5.1,present,scanned,malware,sent,default,1785846878815,""
npm,@or-sdk/sku-builder,2.5.2,present,scanned,malware,sent,default,1785846909402,""
npm,@or-sdk/sku-builder,2.5.3,present,scanned,malware,sent,default,1785847008147,""
npm,@or-sdk/source,2.1.5,present,scanned,malware,sent,default,1785846926621,""
npm,@or-sdk/source,2.1.6,present,scanned,malware,sent,default,1785846926623,""
npm,@or-sdk/source,2.1.7,present,scanned,malware,sent,default,1785846546434,""
npm,@or-sdk/source-api,1.1.3,present,scanned,malware,sent,default,1785846615334,""
npm,@or-sdk/step-templates,2.2.5,present,scanned,malware,sent,default,1785846878830,""
npm,@or-sdk/step-templates,2.2.6,present,scanned,malware,sent,default,1785846909389,""
npm,@or-sdk/step-templates,2.2.7,present,scanned,malware,sent,default,1785846991560,""
npm,@or-sdk/store,2.1.5,present,scanned,malware,sent,default,1785846863197,""
npm,@or-sdk/store,2.1.6,present,scanned,malware,sent,default,1785846942374,""
npm,@or-sdk/store,2.1.7,present,scanned,malware,sent,default,1785846694905,""
npm,@or-sdk/tables,0.28.5,present,scanned,malware,sent,default,1785846878831,""
npm,@or-sdk/tables,0.28.6,present,scanned,malware,sent,default,1785846958308,""
npm,@or-sdk/tables,0.28.7,present,scanned,malware,sent,default,1785846974425,""
npm,@or-sdk/tags,1.1.5,present,scanned,malware,sent,default,1785846878823,""
npm,@or-sdk/tags,1.1.6,present,scanned,malware,sent,default,1785846958313,""
npm,@or-sdk/tags,1.1.7,present,scanned,malware,sent,default,1785847008151,""
npm,@or-sdk/tickets,1.9.5,present,scanned,malware,sent,default,1785846893966,""
npm,@or-sdk/tickets,1.9.6,present,scanned,malware,sent,default,1785846942377,""
npm,@or-sdk/tickets,1.9.7,present,scanned,malware,sent,default,1785847008148,""
npm,@or-sdk/transcripts,1.2.5,present,scanned,malware,sent,default,1785846845942,""
npm,@or-sdk/transcripts,1.2.6,present,scanned,malware,sent,default,1785846926630,""
npm,@or-sdk/transcripts,1.2.7,present,scanned,malware,sent,default,1785847008145,""
npm,@or-sdk/users,3.8.1,present,scanned,malware,sent,default,1785846733247,""
npm,@or-sdk/users,3.8.2,present,scanned,malware,sent,default,1785846765568,""
npm,@or-sdk/users,3.8.3,present,scanned,malware,sent,default,1785846812536,""
npm,@or-sdk/view-templates,2.2.5,present,scanned,malware,sent,default,1785846878821,""
npm,@or-sdk/view-templates,2.2.6,present,scanned,malware,sent,default,1785846958327,""
npm,@or-sdk/view-templates,2.2.7,present,scanned,malware,sent,default,1785846991557,""
npm,@or-sdk/views,3.1.5,present,scanned,malware,sent,default,1785846893961,""
npm,@or-sdk/views,3.1.6,present,scanned,malware,sent,default,1785846909396,""
npm,@or-sdk/views,3.1.7,present,scanned,malware,sent,default,1785846570510,""
npm,@or-sdk/web-search,0.6.1,present,scanned,malware,sent,default,1785846829381,""
npm,@or-sdk/web-search,0.6.2,present,scanned,malware,sent,default,1785846958322,""
npm,@or-sdk/web-search,0.6.3,present,scanned,malware,sent,default,1785847008143,""
npm,@ornikar/apollo-link-timeout,1.4.10,present,scanned,malware,sent,default,1785849423213,""
npm,@ornikar/apollo-link-timeout,1.4.2,present,scanned,malware,pending,default,1785853834498,""
npm,@ornikar/apollo-link-timeout,1.4.3,present,scanned,malware,pending,default,1785853834464,""
npm,@ornikar/apollo-link-timeout,1.4.4,present,scanned,malware,pending,default,1785853834532,""
npm,@ornikar/apollo-link-timeout,1.4.5,present,scanned,malware,pending,default,1785853834654,""
npm,@ornikar/apollo-link-timeout,1.4.6,present,scanned,malware,sent,default,1785843321077,""
npm,@ornikar/apollo-link-timeout,1.4.7,present,scanned,malware,sent,default,1785843321067,""
npm,@ornikar/babel-preset-base,6.0.10,present,scanned,malware,sent,default,1785843301393,""
npm,@ornikar/babel-preset-base,6.0.13,present,scanned,malware,sent,default,1785849492823,""
npm,@ornikar/babel-preset-base,6.0.3,present,scanned,malware,pending,default,1785853834366,""
npm,@ornikar/babel-preset-base,6.0.4,present,scanned,malware,pending,default,1785853834397,""
npm,@ornikar/babel-preset-base,6.0.5,present,scanned,malware,pending,default,1785853834429,""
npm,@ornikar/babel-preset-base,6.0.6,present,scanned,malware,pending,default,1785853834334,""
npm,@ornikar/babel-preset-base,6.0.7,present,scanned,malware,pending,default,1785853834564,""
npm,@ornikar/babel-preset-base,6.0.8,present,scanned,malware,pending,default,1785853834296,""
npm,@ornikar/babel-preset-base,6.0.9,present,scanned,malware,sent,default,1785843301379,""
npm,@ornikar/babel-preset-kitt-universal,8.0.11,present,scanned,malware,sent,default,1785848599393,""
npm,@ornikar/babel-preset-kitt-universal,8.0.3,present,scanned,malware,pending,default,1785853835398,""
npm,@ornikar/babel-preset-kitt-universal,8.0.4,present,scanned,malware,pending,default,1785853835232,""
npm,@ornikar/babel-preset-kitt-universal,8.0.5,present,scanned,malware,pending,default,1785853835166,""
npm,@ornikar/babel-preset-kitt-universal,8.0.6,present,scanned,malware,pending,default,1785853835265,""
npm,@ornikar/babel-preset-kitt-universal,8.0.7,present,scanned,malware,sent,default,1785843473543,""
npm,@ornikar/babel-preset-kitt-universal,8.0.8,present,scanned,malware,sent,default,1785843473534,""
npm,@ornikar/babel-preset-react,6.1.10,present,scanned,malware,sent,default,1785843372305,""
npm,@ornikar/babel-preset-react,6.1.13,present,scanned,malware,sent,default,1785848645013,""
npm,@ornikar/babel-preset-react,6.1.4,present,scanned,malware,pending,default,1785853835066,""
npm,@ornikar/babel-preset-react,6.1.5,present,scanned,malware,pending,default,1785853835198,""
npm,@ornikar/babel-preset-react,6.1.6,present,scanned,malware,pending,default,1785853835098,""
npm,@ornikar/babel-preset-react,6.1.7,present,scanned,malware,pending,default,1785853835297,""
npm,@ornikar/babel-preset-react,6.1.8,present,scanned,malware,pending,default,1785853835131,""
npm,@ornikar/babel-preset-react,6.1.9,present,scanned,malware,sent,default,1785843372297,""
npm,@ornikar/browserslist-config,8.0.11,present,scanned,malware,sent,default,1785849492901,""
npm,@ornikar/browserslist-config,8.0.3,present,scanned,malware,pending,default,1785853834980,""
npm,@ornikar/browserslist-config,8.0.4,present,scanned,malware,pending,default,1785853835906,""
npm,@ornikar/browserslist-config,8.0.5,present,scanned,malware,pending,default,1785853836008,""
npm,@ornikar/browserslist-config,8.0.6,present,scanned,malware,pending,default,1785853835977,""
npm,@ornikar/browserslist-config,8.0.7,present,scanned,malware,pending,default,1785853836147,""
npm,@ornikar/browserslist-config,8.0.8,present,scanned,malware,sent,default,1785843321088,""
npm,@ornikar/browserslist-config,8.0.9,present,scanned,malware,sent,default,1785843321080,""
npm,@ornikar/commitlint-config,8.3.11,present,scanned,malware,sent,default,1785848572648,""
npm,@ornikar/commitlint-config,8.3.2,present,scanned,malware,pending,default,1785853835841,""
npm,@ornikar/commitlint-config,8.3.3,present,scanned,malware,pending,default,1785853835872,""
npm,@ornikar/commitlint-config,8.3.4,present,scanned,malware,pending,default,1785853835777,""
npm,@ornikar/commitlint-config,8.3.5,present,scanned,malware,pending,default,1785853835809,""
npm,@ornikar/commitlint-config,8.3.6,present,scanned,malware,pending,default,1785853835944,""
npm,@ornikar/commitlint-config,8.3.7,present,scanned,malware,sent,default,1785843321069,""
npm,@ornikar/commitlint-config,8.3.8,present,scanned,malware,sent,default,1785843321070,""
npm,@ornikar/eslint-config,24.0.1,present,scanned,malware,pending,default,1785853835744,""
npm,@ornikar/eslint-config,24.0.11,present,scanned,malware,sent,default,1785849459007,""
npm,@ornikar/eslint-config,24.0.2,present,scanned,malware,pending,default,1785853836654,""
npm,@ornikar/eslint-config,24.0.3,present,scanned,malware,pending,default,1785853836543,""
npm,@ornikar/eslint-config,24.0.4,present,scanned,malware,pending,default,1785853836758,""
npm,@ornikar/eslint-config,24.0.5,present,scanned,malware,pending,default,1785853836582,""
npm,@ornikar/eslint-config,24.0.6,present,scanned,malware,pending,default,1785853836501,""
npm,@ornikar/eslint-config,24.0.7,present,scanned,malware,sent,default,1785843321096,""
npm,@ornikar/eslint-config,24.0.8,present,scanned,malware,sent,default,1785843321103,""
npm,@ornikar/eslint-config-babel,24.0.1,present,scanned,malware,pending,default,1785853836792,""
npm,@ornikar/eslint-config-babel,24.0.11,present,scanned,malware,sent,default,1785849391727,""
npm,@ornikar/eslint-config-babel,24.0.2,present,scanned,malware,pending,default,1785853836826,""
npm,@ornikar/eslint-config-babel,24.0.3,present,scanned,malware,pending,default,1785853836688,""
npm,@ornikar/eslint-config-babel,24.0.4,present,scanned,malware,pending,default,1785853836616,""
npm,@ornikar/eslint-config-babel,24.0.5,present,scanned,malware,pending,default,1785853836721,""
npm,@ornikar/eslint-config-babel,24.0.6,present,scanned,malware,pending,default,1785853837179,""
npm,@ornikar/eslint-config-babel,24.0.7,present,scanned,malware,sent,default,1785843390072,""
npm,@ornikar/eslint-config-babel,24.0.8,present,scanned,malware,sent,default,1785843390240,""
npm,@ornikar/eslint-config-babel-use,13.2.1,present,scanned,malware,pending,default,1785853837442,""
npm,@ornikar/eslint-config-babel-use,13.2.11,present,scanned,malware,sent,default,1785849458955,""
npm,@ornikar/eslint-config-babel-use,13.2.2,present,scanned,malware,pending,default,1785853837376,""
npm,@ornikar/eslint-config-babel-use,13.2.3,present,scanned,malware,pending,default,1785853837343,""
npm,@ornikar/eslint-config-babel-use,13.2.4,present,scanned,malware,pending,default,1785853837409,""
npm,@ornikar/eslint-config-babel-use,13.2.5,present,scanned,malware,pending,default,1785853837276,""
npm,@ornikar/eslint-config-babel-use,13.2.6,present,scanned,malware,pending,default,1785853837241,""
npm,@ornikar/eslint-config-babel-use,13.2.7,present,scanned,malware,sent,default,1785843347607,""
npm,@ornikar/eslint-config-babel-use,13.2.8,present,scanned,malware,sent,default,1785843347605,""
npm,@ornikar/eslint-config-formatjs,24.0.1,present,scanned,malware,pending,default,1785853837508,""
npm,@ornikar/eslint-config-formatjs,24.0.2,present,scanned,malware,pending,default,1785853837475,""
npm,@ornikar/eslint-config-formatjs,24.0.3,present,scanned,malware,pending,default,1785853837310,""
npm,@ornikar/eslint-config-formatjs,24.0.4,present,scanned,malware,pending,default,1785853837852,""
npm,@ornikar/eslint-config-formatjs,24.0.5,present,scanned,malware,sent,default,1785843288132,""
npm,@ornikar/eslint-config-formatjs,24.0.6,present,scanned,malware,sent,default,1785843288130,""
npm,@ornikar/eslint-config-formatjs,24.0.9,present,scanned,malware,sent,default,1785849493250,""
npm,@ornikar/eslint-config-node,12.2.1,present,scanned,malware,pending,default,1785853838928,""
npm,@ornikar/eslint-config-node,12.2.2,present,scanned,malware,pending,default,1785853838803,""
npm,@ornikar/eslint-config-node,12.2.3,present,scanned,malware,pending,default,1785853837898,""
npm,@ornikar/eslint-config-node,12.2.4,present,scanned,malware,pending,default,1785853838766,""
npm,@ornikar/eslint-config-node,12.2.5,present,scanned,malware,sent,default,1785843372231,""
npm,@ornikar/eslint-config-node,12.2.6,present,scanned,malware,sent,default,1785843372330,""
npm,@ornikar/eslint-config-node,12.2.9,present,scanned,malware,sent,default,1785849422942,""
npm,@ornikar/eslint-config-react,24.0.1,present,scanned,malware,pending,default,1785853839461,""
npm,@ornikar/eslint-config-react,24.0.10,present,scanned,malware,sent,default,1785848679687,""
npm,@ornikar/eslint-config-react,24.0.2,present,scanned,malware,pending,default,1785853839562,""
npm,@ornikar/eslint-config-react,24.0.3,present,scanned,malware,pending,default,1785853838847,""
npm,@ornikar/eslint-config-react,24.0.4,present,scanned,malware,pending,default,1785853838890,""
npm,@ornikar/eslint-config-react,24.0.5,present,scanned,malware,pending,default,1785853839512,""
npm,@ornikar/eslint-config-react,24.0.6,present,scanned,malware,sent,default,1785843390105,""
npm,@ornikar/eslint-config-react,24.0.7,present,scanned,malware,sent,default,1785843390112,""
npm,@ornikar/eslint-config-typescript,24.0.1,present,scanned,malware,pending,default,1785853840005,""
npm,@ornikar/eslint-config-typescript,24.0.2,present,scanned,malware,pending,default,1785853840162,""
npm,@ornikar/eslint-config-typescript,24.0.3,present,scanned,malware,pending,default,1785853840365,""
npm,@ornikar/eslint-config-typescript,24.0.4,present,scanned,malware,pending,default,1785853840111,""
npm,@ornikar/eslint-config-typescript,24.0.5,present,scanned,malware,sent,default,1785843448466,""
npm,@ornikar/eslint-config-typescript,24.0.6,present,scanned,malware,sent,default,1785843448531,""
npm,@ornikar/eslint-config-typescript,24.0.9,present,scanned,malware,sent,default,1785848699343,""
npm,@ornikar/eslint-config-typescript-nestjs,24.0.1,present,scanned,malware,pending,default,1785853840402,""
npm,@ornikar/eslint-config-typescript-nestjs,24.0.10,present,scanned,malware,sent,default,1785849354376,""
npm,@ornikar/eslint-config-typescript-nestjs,24.0.2,present,scanned,malware,pending,default,1785853840065,""
npm,@ornikar/eslint-config-typescript-nestjs,24.0.3,present,scanned,malware,pending,default,1785853840250,""
npm,@ornikar/eslint-config-typescript-nestjs,24.0.4,present,scanned,malware,pending,default,1785853840324,""
npm,@ornikar/eslint-config-typescript-nestjs,24.0.5,present,scanned,malware,pending,default,1785853840288,""
npm,@ornikar/eslint-config-typescript-nestjs,24.0.6,present,scanned,malware,sent,default,1785843448446,""
npm,@ornikar/eslint-config-typescript-nestjs,24.0.7,present,scanned,malware,sent,default,1785843448503,""
npm,@ornikar/eslint-config-typescript-react,24.0.1,present,scanned,malware,pending,default,1785853840212,""
npm,@ornikar/eslint-config-typescript-react,24.0.10,present,scanned,malware,sent,default,1785849492911,""
npm,@ornikar/eslint-config-typescript-react,24.0.2,present,scanned,malware,pending,default,1785853840816,""
npm,@ornikar/eslint-config-typescript-react,24.0.3,present,scanned,malware,pending,default,1785853840770,""
npm,@ornikar/eslint-config-typescript-react,24.0.4,present,scanned,malware,pending,default,1785853840863,""
npm,@ornikar/eslint-config-typescript-react,24.0.5,present,scanned,malware,pending,default,1785853840918,""
npm,@ornikar/eslint-config-typescript-react,24.0.6,present,scanned,malware,sent,default,1785843426581,""
npm,@ornikar/eslint-config-typescript-react,24.0.7,present,scanned,malware,sent,default,1785843426627,""
npm,@ornikar/eslint-plugin-neverthrow,1.3.1,present,scanned,malware,pending,default,1785853840978,""
npm,@ornikar/eslint-plugin-neverthrow,1.3.11,present,scanned,malware,sent,default,1785849391734,""
npm,@ornikar/eslint-plugin-neverthrow,1.3.12,present,scanned,malware,sent,default,1785849522835,""
npm,@ornikar/eslint-plugin-neverthrow,1.3.2,present,scanned,malware,pending,default,1785853841079,""
npm,@ornikar/eslint-plugin-neverthrow,1.3.3,present,scanned,malware,pending,default,1785853841217,""
npm,@ornikar/eslint-plugin-neverthrow,1.3.4,present,scanned,malware,pending,default,1785853841031,""
npm,@ornikar/eslint-plugin-neverthrow,1.3.5,present,scanned,malware,pending,default,1785853841167,""
npm,@ornikar/eslint-plugin-neverthrow,1.3.6,present,scanned,malware,pending,default,1785853841121,""
npm,@ornikar/eslint-plugin-neverthrow,1.3.7,present,scanned,malware,sent,default,1785843426589,""
npm,@ornikar/eslint-plugin-neverthrow,1.3.8,present,scanned,malware,sent,default,1785843426573,""
npm,@ornikar/eslint-plugin-ornikar,24.0.1,present,scanned,malware,pending,default,1785853842105,""
npm,@ornikar/eslint-plugin-ornikar,24.0.10,present,scanned,malware,sent,default,1785848644936,""
npm,@ornikar/eslint-plugin-ornikar,24.0.2,present,scanned,malware,pending,default,1785853841704,""
npm,@ornikar/eslint-plugin-ornikar,24.0.3,present,scanned,malware,pending,default,1785853841802,""
npm,@ornikar/eslint-plugin-ornikar,24.0.4,present,scanned,malware,pending,default,1785853841754,""
npm,@ornikar/eslint-plugin-ornikar,24.0.5,present,scanned,malware,pending,default,1785853841638,""
npm,@ornikar/eslint-plugin-ornikar,24.0.6,present,scanned,malware,sent,default,1785843347570,""
npm,@ornikar/eslint-plugin-ornikar,24.0.7,present,scanned,malware,sent,default,1785843347585,""
npm,@ornikar/graphql-config,1.1.1,present,scanned,malware,pending,default,1785853841886,""
npm,@ornikar/graphql-config,1.1.10,present,scanned,malware,sent,default,1785848599331,""
npm,@ornikar/graphql-config,1.1.11,present,scanned,malware,sent,default,1785849574169,""
npm,@ornikar/graphql-config,1.1.2,present,scanned,malware,pending,default,1785853842022,""
npm,@ornikar/graphql-config,1.1.3,present,scanned,malware,pending,default,1785853841982,""
npm,@ornikar/graphql-config,1.1.4,present,scanned,malware,pending,default,1785853841930,""
npm,@ornikar/graphql-config,1.1.5,present,scanned,malware,pending,default,1785853841840,""
npm,@ornikar/graphql-config,1.1.6,present,scanned,malware,sent,default,1785843301434,""
npm,@ornikar/graphql-config,1.1.7,present,scanned,malware,sent,default,1785843301431,""
npm,@ornikar/intl-config,10.0.10,present,scanned,malware,sent,default,1785849459043,""
npm,@ornikar/intl-config,10.0.2,present,scanned,malware,pending,default,1785853842913,""
npm,@ornikar/intl-config,10.0.3,present,scanned,malware,pending,default,1785853842875,""
npm,@ornikar/intl-config,10.0.4,present,scanned,malware,pending,default,1785853842833,""
npm,@ornikar/intl-config,10.0.5,present,scanned,malware,pending,default,1785853842799,""
npm,@ornikar/intl-config,10.0.6,present,scanned,malware,pending,default,1785853842763,""
npm,@ornikar/intl-config,10.0.7,present,scanned,malware,sent,default,1785843390150,""
npm,@ornikar/intl-config,10.0.8,present,scanned,malware,sent,default,1785843390115,""
npm,@ornikar/jest-config,13.0.12,present,scanned,malware,sent,default,1785848572687,""
npm,@ornikar/jest-config,13.0.3,present,scanned,malware,pending,default,1785853842573,""
npm,@ornikar/jest-config,13.0.4,present,scanned,malware,pending,default,1785853842651,""
npm,@ornikar/jest-config,13.0.5,present,scanned,malware,pending,default,1785853842688,""
npm,@ornikar/jest-config,13.0.6,present,scanned,malware,pending,default,1785853842724,""
npm,@ornikar/jest-config,13.0.7,present,scanned,malware,pending,default,1785853842610,""
npm,@ornikar/jest-config,13.0.8,present,scanned,malware,sent,default,1785843301420,""
npm,@ornikar/jest-config,13.0.9,present,scanned,malware,sent,default,1785843301399,""
npm,@ornikar/jest-config-react,18.0.10,present,scanned,malware,sent,default,1785848511050,""
npm,@ornikar/jest-config-react,18.0.2,present,scanned,malware,pending,default,1785853843560,""
npm,@ornikar/jest-config-react,18.0.3,present,scanned,malware,pending,default,1785853843518,""
npm,@ornikar/jest-config-react,18.0.4,present,scanned,malware,pending,default,1785853843705,""
npm,@ornikar/jest-config-react,18.0.5,present,scanned,malware,pending,default,1785853843619,""
npm,@ornikar/jest-config-react,18.0.6,present,scanned,malware,pending,default,1785853843664,""
npm,@ornikar/jest-config-react,18.0.7,present,scanned,malware,sent,default,1785843372242,""
npm,@ornikar/jest-config-react,18.0.8,present,scanned,malware,sent,default,1785843372336,""
npm,@ornikar/jest-config-react-native,17.0.11,present,scanned,malware,sent,default,1785848662058,""
npm,@ornikar/jest-config-react-native,17.0.2,present,scanned,malware,pending,default,1785853843270,""
npm,@ornikar/jest-config-react-native,17.0.3,present,scanned,malware,pending,default,1785853843327,""
npm,@ornikar/jest-config-react-native,17.0.4,present,scanned,malware,pending,default,1785853843435,""
npm,@ornikar/jest-config-react-native,17.0.5,present,scanned,malware,pending,default,1785853843477,""
npm,@ornikar/jest-config-react-native,17.0.6,present,scanned,malware,pending,default,1785853843388,""
npm,@ornikar/jest-config-react-native,17.0.7,present,scanned,malware,sent,default,1785843390069,""
npm,@ornikar/jest-config-react-native,17.0.8,present,scanned,malware,sent,default,1785843390054,""
npm,@ornikar/jest-config-react-native-web,12.0.12,present,scanned,malware,sent,default,1785848679705,""
npm,@ornikar/jest-config-react-native-web,12.0.3,present,scanned,malware,pending,default,1785853844446,""
npm,@ornikar/jest-config-react-native-web,12.0.4,present,scanned,malware,pending,default,1785853844403,""
npm,@ornikar/jest-config-react-native-web,12.0.5,present,scanned,malware,pending,default,1785853844326,""
npm,@ornikar/jest-config-react-native-web,12.0.6,present,scanned,malware,pending,default,1785853844364,""
npm,@ornikar/jest-config-react-native-web,12.0.7,present,scanned,malware,pending,default,1785853844289,""
npm,@ornikar/jest-config-react-native-web,12.0.8,present,scanned,malware,sent,default,1785843301452,""
npm,@ornikar/jest-config-react-native-web,12.0.9,present,scanned,malware,sent,default,1785843301454,""
npm,@ornikar/kitt2,1.0.1,present,scanned,malware,pending,default,1785853844164,""
npm,@ornikar/kitt2,1.0.10,present,scanned,malware,sent,default,1785848546732,""
npm,@ornikar/kitt2,1.0.2,present,scanned,malware,pending,default,1785853844105,""
npm,@ornikar/kitt2,1.0.3,present,scanned,malware,pending,default,1785853844069,""
npm,@ornikar/kitt2,1.0.4,present,scanned,malware,pending,default,1785853844208,""
npm,@ornikar/kitt2,1.0.5,present,scanned,malware,pending,default,1785853844252,""
npm,@ornikar/kitt2,1.0.6,present,scanned,malware,sent,default,1785843372551,""
npm,@ornikar/kitt2,1.0.7,present,scanned,malware,sent,default,1785843372237,""
npm,@ornikar/lerna-config,11.0.1,present,scanned,malware,pending,default,1785853845286,""
npm,@ornikar/lerna-config,11.0.10,present,scanned,malware,sent,default,1785848662097,""
npm,@ornikar/lerna-config,11.0.2,present,scanned,malware,pending,default,1785853845167,""
npm,@ornikar/lerna-config,11.0.3,present,scanned,malware,pending,default,1785853845042,""
npm,@ornikar/lerna-config,11.0.4,present,scanned,malware,pending,default,1785853845124,""
npm,@ornikar/lerna-config,11.0.5,present,scanned,malware,pending,default,1785853845084,""
npm,@ornikar/lerna-config,11.0.6,present,scanned,malware,sent,default,1785843473550,""
npm,@ornikar/lerna-config,11.0.7,present,scanned,malware,sent,default,1785843473538,""
npm,@ornikar/monorepo-config,14.3.12,present,scanned,malware,sent,default,1785849354397,""
npm,@ornikar/monorepo-config,14.3.2,present,scanned,malware,pending,default,1785853845250,""
npm,@ornikar/monorepo-config,14.3.3,present,scanned,malware,pending,default,1785853844993,""
npm,@ornikar/monorepo-config,14.3.4,present,scanned,malware,pending,default,1785853845326,""
npm,@ornikar/monorepo-config,14.3.5,present,scanned,malware,pending,default,1785853845211,""
npm,@ornikar/monorepo-config,14.3.6,present,scanned,malware,pending,default,1785853844928,""
npm,@ornikar/monorepo-config,14.3.7,present,scanned,malware,pending,default,1785853846044,""
npm,@ornikar/monorepo-config,14.3.8,present,scanned,malware,sent,default,1785843426636,""
npm,@ornikar/monorepo-config,14.3.9,present,scanned,malware,sent,default,1785843426620,""
npm,@ornikar/postcss-config,9.1.11,present,scanned,malware,sent,default,1785848662021,""
npm,@ornikar/postcss-config,9.1.2,present,scanned,malware,pending,default,1785853845813,""
npm,@ornikar/postcss-config,9.1.3,present,scanned,malware,pending,default,1785853845939,""
npm,@ornikar/postcss-config,9.1.4,present,scanned,malware,pending,default,1785853845973,""
npm,@ornikar/postcss-config,9.1.5,present,scanned,malware,pending,default,1785853845862,""
npm,@ornikar/postcss-config,9.1.6,present,scanned,malware,pending,default,1785853845900,""
npm,@ornikar/postcss-config,9.1.7,present,scanned,malware,sent,default,1785843390048,""
npm,@ornikar/postcss-config,9.1.8,present,scanned,malware,sent,default,1785843390045,""
npm,@ornikar/prettier-config,9.0.11,present,scanned,malware,sent,default,1785849459009,""
npm,@ornikar/prettier-config,9.0.3,present,scanned,malware,pending,default,1785853845686,""
npm,@ornikar/prettier-config,9.0.4,present,scanned,malware,pending,default,1785853845772,""
npm,@ornikar/prettier-config,9.0.5,present,scanned,malware,pending,default,1785853845733,""
npm,@ornikar/prettier-config,9.0.6,present,scanned,malware,pending,default,1785853846010,""
npm,@ornikar/prettier-config,9.0.7,present,scanned,malware,pending,default,1785853846411,""
npm,@ornikar/prettier-config,9.0.8,present,scanned,malware,sent,default,1785843426648,""
npm,@ornikar/prettier-config,9.0.9,present,scanned,malware,sent,default,1785843426615,""
npm,@ornikar/prismic-components,0.0.11,present,scanned,malware,sent,default,1785848644886,""
npm,@ornikar/prismic-components,0.0.2,present,scanned,malware,pending,default,1785853846545,""
npm,@ornikar/prismic-components,0.0.3,present,scanned,malware,pending,default,1785853846618,""
npm,@ornikar/prismic-components,0.0.4,present,scanned,malware,pending,default,1785853846462,""
npm,@ornikar/prismic-components,0.0.5,present,scanned,malware,pending,default,1785853846587,""
npm,@ornikar/prismic-components,0.0.6,present,scanned,malware,pending,default,1785853846507,""
npm,@ornikar/prismic-components,0.0.7,present,scanned,malware,sent,default,1785843448522,""
npm,@ornikar/prismic-components,0.0.8,present,scanned,malware,sent,default,1785843448503,""
npm,@ornikar/react-modern-calendar-datepicker,3.2.1,present,scanned,malware,pending,default,1785853846791,""
npm,@ornikar/react-modern-calendar-datepicker,3.2.10,present,scanned,malware,sent,default,1785848546930,""
npm,@ornikar/react-modern-calendar-datepicker,3.2.2,present,scanned,malware,pending,default,1785853846749,""
npm,@ornikar/react-modern-calendar-datepicker,3.2.3,present,scanned,malware,pending,default,1785853846662,""
npm,@ornikar/react-modern-calendar-datepicker,3.2.4,present,scanned,malware,pending,default,1785853846706,""
npm,@ornikar/react-modern-calendar-datepicker,3.2.5,present,scanned,malware,pending,default,1785853847574,""
npm,@ornikar/react-modern-calendar-datepicker,3.2.6,present,scanned,malware,sent,default,1785843372382,""
npm,@ornikar/react-modern-calendar-datepicker,3.2.7,present,scanned,malware,sent,default,1785843372370,""
npm,@ornikar/react-native-svg-transformer,1.0.10,present,scanned,malware,sent,default,1785843544237,""
npm,@ornikar/react-native-svg-transformer,1.0.11,present,scanned,malware,sent,default,1785843544126,""
npm,@ornikar/react-native-svg-transformer,1.0.13,present,scanned,malware,sent,default,1785849423073,""
npm,@ornikar/react-native-svg-transformer,1.0.6,present,scanned,malware,pending,default,1785853847303,""
npm,@ornikar/react-native-svg-transformer,1.0.7,present,scanned,malware,pending,default,1785853847477,""
npm,@ornikar/react-native-svg-transformer,1.0.8,present,scanned,malware,pending,default,1785853847228,""
npm,@ornikar/react-native-svg-transformer,1.0.9,present,scanned,malware,pending,default,1785853847402,""
npm,@ornikar/renovate-config,9.0.12,present,scanned,malware,sent,default,1785848624531,""
npm,@ornikar/renovate-config,9.0.2,present,scanned,malware,pending,default,1785853847437,""
npm,@ornikar/renovate-config,9.0.3,present,scanned,malware,pending,default,1785853847527,""
npm,@ornikar/renovate-config,9.0.4,present,scanned,malware,pending,default,1785853847366,""
npm,@ornikar/renovate-config,9.0.5,present,scanned,malware,pending,default,1785853847267,""
npm,@ornikar/renovate-config,9.0.6,present,scanned,malware,pending,default,1785853847335,""
npm,@ornikar/renovate-config,9.0.7,present,scanned,malware,pending,default,1785853847942,""
npm,@ornikar/renovate-config,9.0.8,present,scanned,malware,sent,default,1785843473499,""
npm,@ornikar/renovate-config,9.0.9,present,scanned,malware,sent,default,1785843473532,""
npm,@ornikar/repo-config,15.3.12,present,scanned,malware,sent,default,1785849354429,""
npm,@ornikar/repo-config,15.3.3,present,scanned,malware,pending,default,1785853848293,""
npm,@ornikar/repo-config,15.3.4,present,scanned,malware,pending,default,1785853848222,""
npm,@ornikar/repo-config,15.3.5,present,scanned,malware,pending,default,1785853848173,""
npm,@ornikar/repo-config,15.3.6,present,scanned,malware,pending,default,1785853848257,""
npm,@ornikar/repo-config,15.3.7,present,scanned,malware,pending,default,1785853848328,""
npm,@ornikar/repo-config,15.3.8,present,scanned,malware,sent,default,1785843473524,""
npm,@ornikar/repo-config,15.3.9,present,scanned,malware,sent,default,1785843473531,""
npm,@ornikar/repo-config-react,13.0.10,present,scanned,malware,pending,default,1785853848005,""
npm,@ornikar/repo-config-react,13.0.11,present,scanned,malware,pending,default,1785853848134,""
npm,@ornikar/repo-config-react,13.0.12,present,scanned,malware,pending,default,1785853848059,""
npm,@ornikar/repo-config-react,13.0.13,present,scanned,malware,pending,default,1785853848093,""
npm,@ornikar/repo-config-react,13.0.14,present,scanned,malware,sent,default,1785843448614,""
npm,@ornikar/repo-config-react,13.0.15,present,scanned,malware,sent,default,1785843448656,""
npm,@ornikar/repo-config-react,13.0.18,present,scanned,malware,sent,default,1785848599309,""
npm,@ornikar/repo-config-react,13.0.8,present,scanned,malware,pending,default,1785853848713,""
npm,@ornikar/repo-config-react,13.0.9,present,scanned,malware,pending,default,1785853848677,""
npm,@ornikar/repo-config-react-legacy-css,15.1.12,present,scanned,malware,sent,default,1785848528278,""
npm,@ornikar/repo-config-react-legacy-css,15.1.2,present,scanned,malware,pending,default,1785853849009,""
npm,@ornikar/repo-config-react-legacy-css,15.1.3,present,scanned,malware,pending,default,1785853848789,""
npm,@ornikar/repo-config-react-legacy-css,15.1.4,present,scanned,malware,pending,default,1785853848827,""
npm,@ornikar/repo-config-react-legacy-css,15.1.5,present,scanned,malware,pending,default,1785853848750,""
npm,@ornikar/repo-config-react-legacy-css,15.1.6,present,scanned,malware,pending,default,1785853848892,""
npm,@ornikar/repo-config-react-legacy-css,15.1.7,present,scanned,malware,pending,default,1785853848860,""
npm,@ornikar/repo-config-react-legacy-css,15.1.8,present,scanned,malware,sent,default,1785843288157,""
npm,@ornikar/repo-config-react-legacy-css,15.1.9,present,scanned,malware,sent,default,1785843288160,""
npm,@ornikar/rollup-config,11.1.12,present,scanned,malware,sent,default,1785849391745,""
npm,@ornikar/rollup-config,11.1.2,present,scanned,malware,pending,default,1785853848934,""
npm,@ornikar/rollup-config,11.1.3,present,scanned,malware,pending,default,1785853848973,""
npm,@ornikar/rollup-config,11.1.4,present,scanned,malware,pending,default,1785853850684,""
npm,@ornikar/rollup-config,11.1.5,present,scanned,malware,pending,default,1785853850765,""
npm,@ornikar/rollup-config,11.1.6,present,scanned,malware,pending,default,1785853849413,""
npm,@ornikar/rollup-config,11.1.7,present,scanned,malware,pending,default,1785853850727,""
npm,@ornikar/rollup-config,11.1.8,present,scanned,malware,sent,default,1785843301427,""
npm,@ornikar/rollup-config,11.1.9,present,scanned,malware,sent,default,1785843301417,""
npm,@ornikar/rollup-plugin-postcss,2.0.10,present,scanned,malware,sent,default,1785843347655,""
npm,@ornikar/rollup-plugin-postcss,2.0.11,present,scanned,malware,sent,default,1785843347643,""
npm,@ornikar/rollup-plugin-postcss,2.0.14,present,scanned,malware,sent,default,1785848679771,""
npm,@ornikar/rollup-plugin-postcss,2.0.5,present,scanned,malware,pending,default,1785853850810,""
npm,@ornikar/rollup-plugin-postcss,2.0.6,present,scanned,malware,pending,default,1785853850853,""
npm,@ornikar/rollup-plugin-postcss,2.0.7,present,scanned,malware,pending,default,1785853850986,""
npm,@ornikar/rollup-plugin-postcss,2.0.8,present,scanned,malware,pending,default,1785853850939,""
npm,@ornikar/rollup-plugin-postcss,2.0.9,present,scanned,malware,pending,default,1785853850897,""
npm,@ornikar/slate-react-fork,1.0.1,present,scanned,malware,pending,default,1785853851021,""
npm,@ornikar/slate-react-fork,1.0.10,present,scanned,malware,sent,default,1785848572787,""
npm,@ornikar/slate-react-fork,1.0.2,present,scanned,malware,pending,default,1785853851717,""
npm,@ornikar/slate-react-fork,1.0.3,present,scanned,malware,pending,default,1785853851682,""
npm,@ornikar/slate-react-fork,1.0.4,present,scanned,malware,pending,default,1785853851648,""
npm,@ornikar/slate-react-fork,1.0.5,present,scanned,malware,pending,default,1785853851751,""
npm,@ornikar/slate-react-fork,1.0.6,present,scanned,malware,sent,default,1785843347706,""
npm,@ornikar/slate-react-fork,1.0.7,present,scanned,malware,sent,default,1785843347717,""
npm,@ornikar/storybook-config,12.1.2,present,scanned,malware,pending,default,1785853851582,""
npm,@ornikar/storybook-config,12.1.3,present,scanned,malware,pending,default,1785853851613,""
npm,@ornikar/storybook-config,12.1.4,present,scanned,malware,pending,default,1785853851551,""
npm,@ornikar/storybook-config,12.1.5,present,scanned,malware,pending,default,1785853851519,""
npm,@ornikar/storybook-config,12.1.6,present,scanned,malware,sent,default,1785843448546,""
npm,@ornikar/storybook-config,12.1.7,present,scanned,malware,sent,default,1785843448516,""
npm,@ornikar/storybook-config,12.1.9,present,scanned,malware,sent,default,1785848510890,""
npm,@ornikar/stylelint-config,14.0.12,present,scanned,malware,sent,default,1785849422937,""
npm,@ornikar/stylelint-config,14.0.3,present,scanned,malware,pending,default,1785853851486,""
npm,@ornikar/stylelint-config,14.0.4,present,scanned,malware,pending,default,1785853851433,""
npm,@ornikar/stylelint-config,14.0.5,present,scanned,malware,pending,default,1785853852161,""
npm,@ornikar/stylelint-config,14.0.6,present,scanned,malware,pending,default,1785853852130,""
npm,@ornikar/stylelint-config,14.0.7,present,scanned,malware,pending,default,1785853852086,""
npm,@ornikar/stylelint-config,14.0.8,present,scanned,malware,sent,default,1785843288159,""
npm,@ornikar/stylelint-config,14.0.9,present,scanned,malware,sent,default,1785843288162,""
npm,@ornikar/typed-css-modules-loader,0.8.11,present,scanned,malware,sent,default,1785848546811,""
npm,@ornikar/typed-css-modules-loader,0.8.2,present,scanned,malware,pending,default,1785853852253,""
npm,@ornikar/typed-css-modules-loader,0.8.3,present,scanned,malware,pending,default,1785853852222,""
npm,@ornikar/typed-css-modules-loader,0.8.4,present,scanned,malware,pending,default,1785853852283,""
npm,@ornikar/typed-css-modules-loader,0.8.5,present,scanned,malware,pending,default,1785853852344,""
npm,@ornikar/typed-css-modules-loader,0.8.6,present,scanned,malware,pending,default,1785853852374,""
npm,@ornikar/typed-css-modules-loader,0.8.7,present,scanned,malware,sent,default,1785843426563,""
npm,@ornikar/typed-css-modules-loader,0.8.8,present,scanned,malware,sent,default,1785843426565,""
npm,@ornikar/webpack-config,12.0.11,present,scanned,malware,sent,default,1785848699345,""
npm,@ornikar/webpack-config,12.0.2,present,scanned,malware,pending,default,1785853852314,""
npm,@ornikar/webpack-config,12.0.3,present,scanned,malware,pending,default,1785853852191,""
npm,@ornikar/webpack-config,12.0.4,present,scanned,malware,pending,default,1785853852694,""
npm,@ornikar/webpack-config,12.0.5,present,scanned,malware,pending,default,1785853852765,""
npm,@ornikar/webpack-config,12.0.6,present,scanned,malware,pending,default,1785853852796,""
npm,@ornikar/webpack-config,12.0.7,present,scanned,malware,sent,default,1785843473485,""
npm,@ornikar/webpack-config,12.0.8,present,scanned,malware,sent,default,1785843473507,""
npm,@picsart/ai-sdk,3.32.2,present,scanned,malware,pending,default,1785853854115,""
npm,@picsart/gen-ai,2.55.11,present,scanned,malware,pending,default,1785854236000,""
npm,@qlik/api,2.14.2,present,scanned,malware,pending,default,1785853853301,""
npm,@qlik/browserslist-config,3.0.2,present,scanned,malware,pending,default,1785853852827,""
npm,@qlik/carbon-core,2.1.1,present,scanned,malware,pending,default,1785853852730,""
npm,@qlik/carboncopy,1.1.6,present,scanned,malware,pending,default,1785853852924,""
npm,@qlik/design-tokens,1.3.13,present,scanned,malware,pending,default,1785853852857,""
npm,@qlik/dts-bundler,2.0.3,present,scanned,malware,pending,default,1785853855225,""
npm,@qlik/embed-react,2.5.3,present,scanned,malware,pending,default,1785853854718,""
npm,@qlik/embed-runtime,1.6.4,present,scanned,malware,pending,default,1785853854493,""
npm,@qlik/embed-svelte,1.1.4,present,scanned,malware,pending,default,1785853854638,""
npm,@qlik/embed-web-components,1.7.3,present,scanned,malware,pending,default,1785853854790,""
npm,@qlik/eslint-config,2.0.20,present,scanned,malware,pending,default,1785853854758,""
npm,@qlik/eslint-config-base,0.1.1,present,scanned,malware,pending,default,1785853854597,""
npm,@qlik/eslint-config-react,0.1.1,present,scanned,malware,pending,default,1785853854681,""
npm,@qlik/eslint-config-svelte,0.1.1,present,scanned,malware,pending,default,1785853854543,""
npm,@qlik/eslint-config-vue,0.1.1,present,scanned,malware,pending,default,1785854236000,""
npm,@qlik/nebula-table-utils,2.6.9,present,scanned,malware,pending,default,1785853855816,""
npm,@qlik/oxfmt-config,0.1.6,present,scanned,malware,pending,default,1785853855720,""
npm,@qlik/oxlint-config,0.7.2,present,scanned,malware,pending,default,1785853855850,""
npm,@qlik/prettier-config,1.0.3,present,scanned,malware,pending,default,1785853855634,""
npm,@qlik/react-native-simple-grid,1.5.5,present,scanned,malware,pending,default,1785853855899,""
npm,@qlik/runtime-module-loader,1.5.1,present,scanned,malware,pending,default,1785853855934,""
npm,@qlik/sdk,0.28.1,present,scanned,malware,pending,default,1785853856633,""
npm,@qlik/sprout-design-docs,1.0.2,present,scanned,malware,pending,default,1785853855762,""
npm,@qlik/sprout-gesture,0.0.13,present,scanned,malware,pending,default,1785853855683,""
npm,@qlik/sprout-icons,0.12.3,present,scanned,malware,pending,default,1785853855976,""
npm,@qlik/sprout-react,6.45.3,present,scanned,malware,pending,default,1785853857433,""
npm,@qlik/sprout-react-table,0.16.7,present,scanned,malware,pending,default,1785853857317,""
npm,@qlik/tsconfig,1.0.3,present,scanned,malware,pending,default,1785853857106,""
npm,@servicetitan/acquisition-functions,5.22.1,present,scanned,malware,pending,default,1785853857201,""
npm,@servicetitan/acquisition-functions,5.22.2,present,scanned,malware,pending,default,1785853857238,""
npm,@servicetitan/acquisition-functions,5.22.3,present,scanned,malware,pending,default,1785853857270,""
npm,@servicetitan/acquisition-functions,5.22.4,present,scanned,malware,pending,default,1785853857156,""
npm,@servicetitan/acquisition-functions,5.22.5,present,scanned,malware,sent,default,1785843912355,""
npm,@servicetitan/acquisition-functions,5.22.6,present,scanned,malware,sent,default,1785846055762,""
npm,@servicetitan/acquisition-functions,5.22.7,present,scanned,malware,sent,default,1785847484125,""
npm,@servicetitan/admin-layout,2.4.3,present,scanned,malware,sent,default,1785844389596,""
npm,@servicetitan/admin-layout,2.4.4,present,scanned,malware,sent,default,1785844389623,""
npm,@servicetitan/admin-layout,2.4.5,present,scanned,malware,sent,default,1785844432199,""
npm,@servicetitan/admin-layout,2.4.6,present,scanned,malware,sent,default,1785844482746,""
npm,@servicetitan/admin-layout,2.4.7,present,scanned,malware,sent,default,1785843735338,""
npm,@servicetitan/admin-layout,2.4.8,present,scanned,malware,sent,default,1785846254151,""
npm,@servicetitan/admin-layout,2.4.9,present,scanned,malware,sent,default,1785847321822,""
npm,@servicetitan/admin-sql-table,1.0.14,present,scanned,malware,pending,default,1785853857389,""
npm,@servicetitan/admin-sql-table,1.0.15,present,scanned,malware,pending,default,1785853857469,""
npm,@servicetitan/admin-sql-table,1.0.16,present,scanned,malware,pending,default,1785853857353,""
npm,@servicetitan/admin-sql-table,1.0.17,present,scanned,malware,pending,default,1785853857873,""
npm,@servicetitan/admin-sql-table,1.0.18,present,scanned,malware,sent,default,1785844123961,""
npm,@servicetitan/admin-sql-table,1.0.19,present,scanned,malware,sent,default,1785845985735,""
npm,@servicetitan/admin-sql-table,1.0.20,present,scanned,malware,sent,default,1785847292318,""
npm,@servicetitan/ajax-handlers,38.1.1,present,scanned,malware,pending,default,1785853858140,""
npm,@servicetitan/ajax-handlers,38.1.2,present,scanned,malware,pending,default,1785853858207,""
npm,@servicetitan/ajax-handlers,38.1.3,present,scanned,malware,pending,default,1785853858174,""
npm,@servicetitan/ajax-handlers,38.1.4,present,scanned,malware,pending,default,1785853858242,""
npm,@servicetitan/ajax-handlers,38.1.5,present,scanned,malware,sent,default,1785844252665,""
npm,@servicetitan/ajax-handlers,38.1.6,present,scanned,malware,sent,default,1785846116163,""
npm,@servicetitan/ajax-handlers,38.1.7,present,scanned,malware,sent,default,1785847508325,""
npm,@servicetitan/anvil-css-utilities,14.5.10,present,scanned,malware,sent,default,1785847321423,""
npm,@servicetitan/anvil-css-utilities,14.5.4,present,scanned,malware,sent,default,1785844389580,""
npm,@servicetitan/anvil-css-utilities,14.5.5,present,scanned,malware,sent,default,1785844389572,""
npm,@servicetitan/anvil-css-utilities,14.5.6,present,scanned,malware,sent,default,1785844482716,""
npm,@servicetitan/anvil-css-utilities,14.5.7,present,scanned,malware,sent,default,1785844482712,""
npm,@servicetitan/anvil-css-utilities,14.5.8,present,scanned,malware,sent,default,1785843941338,""
npm,@servicetitan/anvil-css-utilities,14.5.9,present,scanned,malware,sent,default,1785845936975,""
npm,@servicetitan/anvil-fonts,14.5.10,present,scanned,malware,sent,default,1785847396632,""
npm,@servicetitan/anvil-fonts,14.5.4,present,scanned,malware,pending,default,1785854236000,""
npm,@servicetitan/anvil-fonts,14.5.5,present,scanned,malware,pending,default,1785853857929,""
npm,@servicetitan/anvil-fonts,14.5.6,present,scanned,malware,pending,default,1785853858022,""
npm,@servicetitan/anvil-fonts,14.5.7,present,scanned,malware,pending,default,1785853857800,""
npm,@servicetitan/anvil-fonts,14.5.8,present,scanned,malware,sent,default,1785843917964,""
npm,@servicetitan/anvil-fonts,14.5.9,present,scanned,malware,sent,default,1785845953891,""
npm,@servicetitan/anvil-icon,0.5.1,present,scanned,malware,pending,default,1785853858104,""
npm,@servicetitan/anvil-icon,0.5.2,present,scanned,malware,pending,default,1785853858883,""
npm,@servicetitan/anvil-icon,0.5.3,present,scanned,malware,pending,default,1785853858852,""
npm,@servicetitan/anvil-icon,0.5.4,present,scanned,malware,pending,default,1785853859011,""
npm,@servicetitan/anvil-icon,0.5.5,present,scanned,malware,sent,default,1785844199869,""
npm,@servicetitan/anvil-icon,0.5.6,present,scanned,malware,sent,default,1785846071981,""
npm,@servicetitan/anvil-icon,0.5.7,present,scanned,malware,sent,default,1785847357686,""
npm,@servicetitan/anvil-icons,14.5.10,present,scanned,malware,sent,default,1785847545140,""
npm,@servicetitan/anvil-icons,14.5.4,present,scanned,malware,pending,default,1785854236000,""
npm,@servicetitan/anvil-icons,14.5.5,present,scanned,malware,pending,default,1785853858949,""
npm,@servicetitan/anvil-icons,14.5.6,present,scanned,malware,pending,default,1785853858917,""
npm,@servicetitan/anvil-icons,14.5.7,present,scanned,malware,pending,default,1785853858981,""
npm,@servicetitan/anvil-icons,14.5.8,present,scanned,malware,sent,default,1785843792344,""
npm,@servicetitan/anvil-icons,14.5.9,present,scanned,malware,sent,default,1785845971868,""
npm,@servicetitan/anvil-react,0.11.3,present,scanned,malware,sent,default,1785844389850,""
npm,@servicetitan/anvil-react,0.11.4,present,scanned,malware,sent,default,1785844432393,""
npm,@servicetitan/anvil-react,0.11.5,present,scanned,malware,sent,default,1785844432376,""
npm,@servicetitan/anvil-react,0.11.6,present,scanned,malware,sent,default,1785844502156,""
npm,@servicetitan/anvil-react,0.11.7,present,scanned,malware,sent,default,1785844183201,""
npm,@servicetitan/anvil-react,0.11.8,present,scanned,malware,sent,default,1785846254694,""
npm,@servicetitan/anvil-react,0.11.9,present,scanned,malware,sent,default,1785847321773,""
npm,@servicetitan/anvil-themes,14.5.10,present,scanned,malware,sent,default,1785847596879,""
npm,@servicetitan/anvil-themes,14.5.4,present,scanned,malware,sent,default,1785844389168,""
npm,@servicetitan/anvil-themes,14.5.5,present,scanned,malware,sent,default,1785844389260,""
npm,@servicetitan/anvil-themes,14.5.6,present,scanned,malware,sent,default,1785844431666,""
npm,@servicetitan/anvil-themes,14.5.7,present,scanned,malware,sent,default,1785844499752,""
npm,@servicetitan/anvil-themes,14.5.8,present,scanned,malware,sent,default,1785844217818,""
npm,@servicetitan/anvil-themes,14.5.9,present,scanned,malware,sent,default,1785845901985,""
npm,@servicetitan/anvil-token,0.4.1,present,scanned,malware,pending,default,1785853858771,""
npm,@servicetitan/anvil-token,0.4.2,present,scanned,malware,pending,default,1785853858659,""
npm,@servicetitan/anvil-token,0.4.3,present,scanned,malware,pending,default,1785853858814,""
npm,@servicetitan/anvil-token,0.4.4,present,scanned,malware,pending,default,1785853859415,""
npm,@servicetitan/anvil-token,0.4.5,present,scanned,malware,sent,default,1785844033009,""
npm,@servicetitan/anvil-token,0.4.6,present,scanned,malware,sent,default,1785846275439,""
npm,@servicetitan/anvil-token,0.4.7,present,scanned,malware,sent,default,1785847507802,""
npm,@servicetitan/anvil2,3.9.1,present,scanned,malware,pending,default,1785853861577,""
npm,@servicetitan/anvil2,3.9.2,present,scanned,malware,pending,default,1785854236000,""
npm,@servicetitan/anvil2,3.9.3,present,scanned,malware,pending,default,1785853861653,""
npm,@servicetitan/anvil2,3.9.4,present,scanned,malware,pending,default,1785853861502,""
npm,@servicetitan/anvil2,3.9.5,present,scanned,malware,sent,default,1785844311940,""
npm,@servicetitan/anvil2,3.9.6,present,scanned,malware,sent,default,1785846341759,""
npm,@servicetitan/anvil2,3.9.7,present,scanned,malware,sent,default,1785847485992,""
npm,@servicetitan/anvil2-codemods,0.11.2,present,scanned,malware,pending,default,1785853859636,""
npm,@servicetitan/anvil2-codemods,0.11.3,present,scanned,malware,pending,default,1785853859587,""
npm,@servicetitan/anvil2-codemods,0.11.4,present,scanned,malware,pending,default,1785853859536,""
npm,@servicetitan/anvil2-codemods,0.11.5,present,scanned,malware,pending,default,1785853859677,""
npm,@servicetitan/anvil2-codemods,0.11.6,present,scanned,malware,sent,default,1785844250562,""
npm,@servicetitan/anvil2-codemods,0.11.7,present,scanned,malware,sent,default,1785846116088,""
npm,@servicetitan/anvil2-codemods,0.11.8,present,scanned,malware,sent,default,1785847484209,""
npm,@servicetitan/anvil2-ext-atlas,4.0.2,present,scanned,malware,sent,default,1785844390274,""
npm,@servicetitan/anvil2-ext-atlas,4.0.3,present,scanned,malware,sent,default,1785844432869,""
npm,@servicetitan/anvil2-ext-atlas,4.0.4,present,scanned,malware,sent,default,1785844483936,""
npm,@servicetitan/anvil2-ext-atlas,4.0.5,present,scanned,malware,sent,default,1785844502975,""
npm,@servicetitan/anvil2-ext-atlas,4.0.6,present,scanned,malware,sent,default,1785844346997,""
npm,@servicetitan/anvil2-ext-atlas,4.0.7,present,scanned,malware,sent,default,1785846315993,""
npm,@servicetitan/anvil2-ext-atlas,4.0.8,present,scanned,malware,sent,default,1785847484988,""
npm,@servicetitan/anvil2-ext-charts,0.2.10,present,scanned,malware,sent,default,1785847276443,""
npm,@servicetitan/anvil2-ext-charts,0.2.4,present,scanned,malware,pending,default,1785853859487,""
npm,@servicetitan/anvil2-ext-charts,0.2.5,present,scanned,malware,pending,default,1785853862012,""
npm,@servicetitan/anvil2-ext-charts,0.2.6,present,scanned,malware,pending,default,1785853862124,""
npm,@servicetitan/anvil2-ext-charts,0.2.7,present,scanned,malware,pending,default,1785853862066,""
npm,@servicetitan/anvil2-ext-charts,0.2.8,present,scanned,malware,sent,default,1785844006517,""
npm,@servicetitan/anvil2-ext-charts,0.2.9,present,scanned,malware,sent,default,1785846070931,""
npm,@servicetitan/anvil2-ext-common,0.7.1,present,scanned,malware,pending,default,1785853862345,""
npm,@servicetitan/anvil2-ext-common,0.7.2,present,scanned,malware,pending,default,1785853862302,""
npm,@servicetitan/anvil2-ext-common,0.7.3,present,scanned,malware,pending,default,1785853862434,""
npm,@servicetitan/anvil2-ext-common,0.7.4,present,scanned,malware,pending,default,1785853862389,""
npm,@servicetitan/anvil2-ext-common,0.7.5,present,scanned,malware,sent,default,1785844182308,""
npm,@servicetitan/anvil2-ext-common,0.7.6,present,scanned,malware,sent,default,1785846295883,""
npm,@servicetitan/anvil2-ext-common,0.7.7,present,scanned,malware,sent,default,1785847439178,""
npm,@servicetitan/anvil2-ext-mwv,0.0.10,present,scanned,malware,sent,default,1785846013497,""
npm,@servicetitan/anvil2-ext-mwv,0.0.11,present,scanned,malware,sent,default,1785847356702,""
npm,@servicetitan/anvil2-ext-mwv,0.0.5,present,scanned,malware,pending,default,1785853862214,""
npm,@servicetitan/anvil2-ext-mwv,0.0.6,present,scanned,malware,pending,default,1785853862257,""
npm,@servicetitan/anvil2-ext-mwv,0.0.7,present,scanned,malware,pending,default,1785853862170,""
npm,@servicetitan/anvil2-ext-mwv,0.0.8,present,scanned,malware,pending,default,1785853862756,""
npm,@servicetitan/anvil2-ext-mwv,0.0.9,present,scanned,malware,sent,default,1785843918005,""
npm,@servicetitan/anvil2-illustrations,1.0.2,present,scanned,malware,pending,default,1785853862831,""
npm,@servicetitan/anvil2-illustrations,1.0.3,present,scanned,malware,pending,default,1785853862884,""
npm,@servicetitan/anvil2-illustrations,1.0.4,present,scanned,malware,pending,default,1785853862920,""
npm,@servicetitan/anvil2-illustrations,1.0.5,present,scanned,malware,pending,default,1785853862950,""
npm,@servicetitan/anvil2-illustrations,1.0.6,present,scanned,malware,sent,default,1785843917968,""
npm,@servicetitan/anvil2-illustrations,1.0.7,present,scanned,malware,sent,default,1785845917568,""
npm,@servicetitan/anvil2-illustrations,1.0.8,present,scanned,malware,sent,default,1785847254544,""
npm,@servicetitan/anvil2-mcp,0.0.10,present,scanned,malware,pending,default,1785853863083,""
npm,@servicetitan/anvil2-mcp,0.0.11,present,scanned,malware,pending,default,1785853863050,""
npm,@servicetitan/anvil2-mcp,0.0.12,present,scanned,malware,pending,default,1785853863017,""
npm,@servicetitan/anvil2-mcp,0.0.13,present,scanned,malware,sent,default,1785843912343,""
npm,@servicetitan/anvil2-mcp,0.0.14,present,scanned,malware,sent,default,1785845902009,""
npm,@servicetitan/anvil2-mcp,0.0.15,present,scanned,malware,sent,default,1785847292242,""
npm,@servicetitan/anvil2-mcp,0.0.9,present,scanned,malware,pending,default,1785853862984,""
npm,@servicetitan/assist-ui,2.1.1,present,scanned,malware,pending,default,1785853863116,""
npm,@servicetitan/assist-ui,2.1.2,present,scanned,malware,pending,default,1785853863697,""
npm,@servicetitan/assist-ui,2.1.3,present,scanned,malware,pending,default,1785853863625,""
npm,@servicetitan/assist-ui,2.1.4,present,scanned,malware,pending,default,1785853863663,""
npm,@servicetitan/assist-ui,2.1.5,present,scanned,malware,sent,default,1785844309975,""
npm,@servicetitan/assist-ui,2.1.6,present,scanned,malware,sent,default,1785846116077,""
npm,@servicetitan/assist-ui,2.1.7,present,scanned,malware,sent,default,1785847417556,""
npm,@servicetitan/assist-utils,1.1.2,present,scanned,malware,pending,default,1785853863759,""
npm,@servicetitan/assist-utils,1.1.3,present,scanned,malware,pending,default,1785853863790,""
npm,@servicetitan/assist-utils,1.1.4,present,scanned,malware,pending,default,1785853863821,""
npm,@servicetitan/assist-utils,1.1.5,present,scanned,malware,pending,default,1785853863728,""
npm,@servicetitan/assist-utils,1.1.6,present,scanned,malware,sent,default,1785843764085,""
npm,@servicetitan/assist-utils,1.1.7,present,scanned,malware,sent,default,1785845954771,""
npm,@servicetitan/assist-utils,1.1.8,present,scanned,malware,sent,default,1785847266387,""
npm,@servicetitan/carto-charts-core,0.0.2,present,scanned,malware,pending,default,1785853863914,""
npm,@servicetitan/carto-charts-core,0.0.3,present,scanned,malware,pending,default,1785853863883,""
npm,@servicetitan/carto-charts-core,0.0.4,present,scanned,malware,pending,default,1785853863852,""
npm,@servicetitan/carto-charts-core,0.0.5,present,scanned,malware,pending,default,1785853864308,""
npm,@servicetitan/carto-charts-core,0.0.6,present,scanned,malware,sent,default,1785843735414,""
npm,@servicetitan/carto-charts-core,0.0.7,present,scanned,malware,sent,default,1785845902140,""
npm,@servicetitan/carto-charts-core,0.0.8,present,scanned,malware,sent,default,1785847567466,""
npm,@servicetitan/carto-charts-react,0.0.2,present,scanned,malware,pending,default,1785853864398,""
npm,@servicetitan/carto-charts-react,0.0.3,present,scanned,malware,pending,default,1785853864469,""
npm,@servicetitan/carto-charts-react,0.0.4,present,scanned,malware,pending,default,1785853864354,""
npm,@servicetitan/carto-charts-react,0.0.5,present,scanned,malware,pending,default,1785853864503,""
npm,@servicetitan/carto-charts-react,0.0.6,present,scanned,malware,sent,default,1785843735410,""
npm,@servicetitan/carto-charts-react,0.0.7,present,scanned,malware,sent,default,1785845916637,""
npm,@servicetitan/carto-charts-react,0.0.8,present,scanned,malware,sent,default,1785847356645,""
npm,@servicetitan/carto-charts-rn,0.0.2,present,scanned,malware,pending,default,1785853864434,""
npm,@servicetitan/carto-charts-rn,0.0.3,present,scanned,malware,pending,default,1785853864574,""
npm,@servicetitan/carto-charts-rn,0.0.4,present,scanned,malware,pending,default,1785853864539,""
npm,@servicetitan/carto-charts-rn,0.0.5,present,scanned,malware,pending,default,1785853864610,""
npm,@servicetitan/carto-charts-rn,0.0.6,present,scanned,malware,sent,default,1785844123918,""
npm,@servicetitan/carto-charts-rn,0.0.7,present,scanned,malware,sent,default,1785845971043,""
npm,@servicetitan/carto-charts-rn,0.0.8,present,scanned,malware,sent,default,1785847356559,""
npm,@servicetitan/carto-react-kit,0.8.10,present,scanned,malware,sent,default,1785847568361,""
npm,@servicetitan/carto-react-kit,0.8.4,present,scanned,malware,sent,default,1785843844122,""
npm,@servicetitan/carto-react-kit,0.8.5,present,scanned,malware,sent,default,1785843860167,""
npm,@servicetitan/carto-react-kit,0.8.6,present,scanned,malware,sent,default,1785843881052,""
npm,@servicetitan/carto-react-kit,0.8.7,present,scanned,malware,sent,default,1785843901999,""
npm,@servicetitan/carto-react-kit,0.8.8,present,scanned,malware,sent,default,1785844293561,""
npm,@servicetitan/carto-react-kit,0.8.9,present,scanned,malware,sent,default,1785846315824,""
npm,@servicetitan/carto-rn-kit,0.0.10,present,scanned,malware,pending,default,1785853864651,""
npm,@servicetitan/carto-rn-kit,0.0.11,present,scanned,malware,pending,default,1785853865322,""
npm,@servicetitan/carto-rn-kit,0.0.12,present,scanned,malware,pending,default,1785853865273,""
npm,@servicetitan/carto-rn-kit,0.0.13,present,scanned,malware,pending,default,1785853865363,""
npm,@servicetitan/carto-rn-kit,0.0.14,present,scanned,malware,sent,default,1785844217998,""
npm,@servicetitan/carto-rn-kit,0.0.15,present,scanned,malware,sent,default,1785845971864,""
npm,@servicetitan/carto-rn-kit,0.0.16,present,scanned,malware,sent,default,1785847484383,""
npm,@servicetitan/carto-tokens,0.3.1,present,scanned,malware,pending,default,1785853865118,""
npm,@servicetitan/carto-tokens,0.3.2,present,scanned,malware,pending,default,1785853865151,""
npm,@servicetitan/carto-tokens,0.3.3,present,scanned,malware,pending,default,1785853865191,""
npm,@servicetitan/carto-tokens,0.3.4,present,scanned,malware,pending,default,1785853865230,""
npm,@servicetitan/carto-tokens,0.3.5,present,scanned,malware,sent,default,1785843735496,""
npm,@servicetitan/carto-tokens,0.3.6,present,scanned,malware,sent,default,1785845902152,""
npm,@servicetitan/carto-tokens,0.3.7,present,scanned,malware,sent,default,1785847321507,""
npm,@servicetitan/component-usage,28.5.1,present,scanned,malware,pending,default,1785853865458,""
npm,@servicetitan/component-usage,28.5.2,present,scanned,malware,pending,default,1785853865426,""
npm,@servicetitan/component-usage,28.5.3,present,scanned,malware,pending,default,1785853865395,""
npm,@servicetitan/component-usage,28.5.4,present,scanned,malware,pending,default,1785853866154,""
npm,@servicetitan/component-usage,28.5.5,present,scanned,malware,sent,default,1785844199864,""
npm,@servicetitan/component-usage,28.5.6,present,scanned,malware,sent,default,1785846013854,""
npm,@servicetitan/component-usage,28.5.7,present,scanned,malware,sent,default,1785847567675,""
npm,@servicetitan/confirm,41.3.1,present,scanned,malware,sent,default,1785843828612,""
npm,@servicetitan/confirm,41.3.2,present,scanned,malware,sent,default,1785844155120,""
npm,@servicetitan/confirm,41.3.3,present,scanned,malware,sent,default,1785844155715,""
npm,@servicetitan/confirm,41.3.4,present,scanned,malware,sent,default,1785844777265,""
npm,@servicetitan/confirm,41.3.5,present,scanned,malware,sent,default,1785845102500,""
npm,@servicetitan/confirm,41.3.6,present,scanned,malware,sent,default,1785846254285,""
npm,@servicetitan/confirm,41.3.7,present,scanned,malware,sent,default,1785847292150,""
npm,@servicetitan/confirm-navigation,41.3.1,present,scanned,malware,sent,default,1785843829736,""
npm,@servicetitan/confirm-navigation,41.3.2,present,scanned,malware,sent,default,1785844477537,""
npm,@servicetitan/confirm-navigation,41.3.3,present,scanned,malware,sent,default,1785844479052,""
npm,@servicetitan/confirm-navigation,41.3.4,present,scanned,malware,sent,default,1785844481678,""
npm,@servicetitan/confirm-navigation,41.3.5,present,scanned,malware,sent,default,1785844034444,""
npm,@servicetitan/confirm-navigation,41.3.6,present,scanned,malware,sent,default,1785846334401,""
npm,@servicetitan/confirm-navigation,41.3.7,present,scanned,malware,sent,default,1785847507929,""
npm,@servicetitan/contentful,0.0.3,present,scanned,malware,sent,default,1785843830343,""
npm,@servicetitan/contentful,0.0.4,present,scanned,malware,sent,default,1785844746322,""
npm,@servicetitan/contentful,0.0.5,present,scanned,malware,sent,default,1785845080910,""
npm,@servicetitan/contentful,0.0.6,present,scanned,malware,sent,default,1785845081296,""
npm,@servicetitan/contentful,0.0.7,present,scanned,malware,sent,default,1785845082161,""
npm,@servicetitan/contentful,0.0.8,present,scanned,malware,sent,default,1785846559038,""
npm,@servicetitan/contentful,0.0.9,present,scanned,malware,sent,default,1785847276368,""
npm,@servicetitan/contentful-proxy,1.1.12,present,scanned,malware,pending,default,1785853866000,""
npm,@servicetitan/contentful-proxy,1.1.13,present,scanned,malware,pending,default,1785853866123,""
npm,@servicetitan/contentful-proxy,1.1.14,present,scanned,malware,pending,default,1785853866189,""
npm,@servicetitan/contentful-proxy,1.1.15,present,scanned,malware,pending,default,1785853866224,""
npm,@servicetitan/contentful-proxy,1.1.16,present,scanned,malware,sent,default,1785843764004,""
npm,@servicetitan/contentful-proxy,1.1.17,present,scanned,malware,sent,default,1785846013541,""
npm,@servicetitan/contentful-proxy,1.1.18,present,scanned,malware,sent,default,1785847338027,""
npm,@servicetitan/cp-api,1.115.1,present,scanned,malware,pending,default,1785853866059,""
npm,@servicetitan/cp-api,1.115.2,present,scanned,malware,pending,default,1785853866030,""
npm,@servicetitan/cp-api,1.115.3,present,scanned,malware,pending,default,1785853865955,""
npm,@servicetitan/cp-api,1.115.4,present,scanned,malware,pending,default,1785853866088,""
npm,@servicetitan/cp-api,1.115.5,present,scanned,malware,sent,default,1785843917976,""
npm,@servicetitan/cp-api,1.115.6,present,scanned,malware,sent,default,1785846055773,""
npm,@servicetitan/cp-api,1.115.7,present,scanned,malware,sent,default,1785847396509,""
npm,@servicetitan/cp-mfe,1.115.1,present,scanned,malware,sent,default,1785843779936,""
npm,@servicetitan/cp-mfe,1.115.2,present,scanned,malware,sent,default,1785844430923,""
npm,@servicetitan/cp-mfe,1.115.3,present,scanned,malware,sent,default,1785844797140,""
npm,@servicetitan/cp-mfe,1.115.4,present,scanned,malware,sent,default,1785844797305,""
npm,@servicetitan/cp-mfe,1.115.5,present,scanned,malware,sent,default,1785845458601,""
npm,@servicetitan/cp-mfe,1.115.6,present,scanned,malware,sent,default,1785846295747,""
npm,@servicetitan/cp-mfe,1.115.7,present,scanned,malware,sent,default,1785847417548,""
npm,@servicetitan/cp-mfe-dev,1.115.1,present,scanned,malware,sent,default,1785844890380,""
npm,@servicetitan/cp-mfe-dev,1.115.2,present,scanned,malware,sent,default,1785843782160,""
npm,@servicetitan/cp-mfe-dev,1.115.3,present,scanned,malware,sent,default,1785846560001,""
npm,@servicetitan/cp-mfe-dev,1.115.4,present,scanned,malware,sent,default,1785846560747,""
npm,@servicetitan/cp-mfe-dev,1.115.5,present,scanned,malware,sent,default,1785846561414,""
npm,@servicetitan/cp-mfe-dev,1.115.6,present,scanned,malware,sent,default,1785846057329,""
npm,@servicetitan/cp-mfe-dev,1.115.7,present,scanned,malware,sent,default,1785847358408,""
npm,@servicetitan/cp-react-hooks,1.115.1,present,scanned,malware,pending,default,1785853866255,""
npm,@servicetitan/cp-react-hooks,1.115.2,present,scanned,malware,pending,default,1785853866714,""
npm,@servicetitan/cp-react-hooks,1.115.3,present,scanned,malware,pending,default,1785853866669,""
npm,@servicetitan/cp-react-hooks,1.115.4,present,scanned,malware,pending,default,1785853866633,""
npm,@servicetitan/cp-react-hooks,1.115.5,present,scanned,malware,sent,default,1785843735359,""
npm,@servicetitan/cp-react-hooks,1.115.6,present,scanned,malware,sent,default,1785846013604,""
npm,@servicetitan/cp-react-hooks,1.115.7,present,scanned,malware,sent,default,1785847507872,""
npm,@servicetitan/cp-ui,1.115.1,present,scanned,malware,sent,default,1785843763516,""
npm,@servicetitan/cp-ui,1.115.2,present,scanned,malware,sent,default,1785843763526,""
npm,@servicetitan/cp-ui,1.115.3,present,scanned,malware,sent,default,1785843763549,""
npm,@servicetitan/cp-ui,1.115.4,present,scanned,malware,sent,default,1785843763573,""
npm,@servicetitan/cp-ui,1.115.5,present,scanned,malware,sent,default,1785844231860,""
npm,@servicetitan/cp-ui,1.115.6,present,scanned,malware,sent,default,1785846115249,""
npm,@servicetitan/cp-ui,1.115.7,present,scanned,malware,sent,default,1785847483610,""
npm,@servicetitan/culture,41.3.1,present,scanned,malware,sent,default,1785843965064,""
npm,@servicetitan/culture,41.3.2,present,scanned,malware,sent,default,1785843965425,""
npm,@servicetitan/culture,41.3.3,present,scanned,malware,sent,default,1785843986347,""
npm,@servicetitan/culture,41.3.4,present,scanned,malware,sent,default,1785843986942,""
npm,@servicetitan/culture,41.3.5,present,scanned,malware,sent,default,1785843941394,""
npm,@servicetitan/culture,41.3.6,present,scanned,malware,sent,default,1785845937048,""
npm,@servicetitan/culture,41.3.7,present,scanned,malware,sent,default,1785847292248,""
npm,@servicetitan/data-query,41.3.1,present,scanned,malware,pending,default,1785854236000,""
npm,@servicetitan/data-query,41.3.2,present,scanned,malware,pending,default,1785854236000,""
npm,@servicetitan/data-query,41.3.3,present,scanned,malware,pending,default,1785854236000,""
npm,@servicetitan/data-query,41.3.4,present,scanned,malware,pending,default,1785854236000,""
npm,@servicetitan/data-query,41.3.5,present,scanned,malware,sent,default,1785844309949,""
npm,@servicetitan/data-query,41.3.6,present,scanned,malware,sent,default,1785846295887,""
npm,@servicetitan/data-query,41.3.7,present,scanned,malware,sent,default,1785847526064,""
npm,@servicetitan/datadog-rum,38.1.1,present,scanned,malware,pending,default,1785853866748,""
npm,@servicetitan/datadog-rum,38.1.2,present,scanned,malware,pending,default,1785853866781,""
npm,@servicetitan/datadog-rum,38.1.3,present,scanned,malware,pending,default,1785853866820,""
npm,@servicetitan/datadog-rum,38.1.4,present,scanned,malware,pending,default,1785853867426,""
npm,@servicetitan/datadog-rum,38.1.5,present,scanned,malware,sent,default,1785844217949,""
npm,@servicetitan/datadog-rum,38.1.6,present,scanned,malware,sent,default,1785846254356,""
npm,@servicetitan/datadog-rum,38.1.7,present,scanned,malware,sent,default,1785847462793,""
npm,@servicetitan/datetime-utils,41.3.1,present,scanned,malware,sent,default,1785843965055,""
npm,@servicetitan/datetime-utils,41.3.2,present,scanned,malware,sent,default,1785843965416,""
npm,@servicetitan/datetime-utils,41.3.3,present,scanned,malware,sent,default,1785843986339,""
npm,@servicetitan/datetime-utils,41.3.4,present,scanned,malware,sent,default,1785843986934,""
npm,@servicetitan/datetime-utils,41.3.5,present,scanned,malware,sent,default,1785843792446,""
npm,@servicetitan/datetime-utils,41.3.6,present,scanned,malware,sent,default,1785845917554,""
npm,@servicetitan/datetime-utils,41.3.7,present,scanned,malware,sent,default,1785847321526,""
npm,@servicetitan/design-system,14.5.10,present,scanned,malware,sent,default,1785847505358,""
npm,@servicetitan/design-system,14.5.4,present,scanned,malware,sent,default,1785843808589,""
npm,@servicetitan/design-system,14.5.5,present,scanned,malware,sent,default,1785843808617,""
npm,@servicetitan/design-system,14.5.6,present,scanned,malware,sent,default,1785843808646,""
npm,@servicetitan/design-system,14.5.7,present,scanned,malware,sent,default,1785843808675,""
npm,@servicetitan/design-system,14.5.8,present,scanned,malware,sent,default,1785844250125,""
npm,@servicetitan/design-system,14.5.9,present,scanned,malware,sent,default,1785845984974,""
npm,@servicetitan/docs-anvil-uikit-contrib,41.3.1,present,scanned,malware,sent,default,1785843830961,""
npm,@servicetitan/docs-anvil-uikit-contrib,41.3.2,present,scanned,malware,sent,default,1785845454746,""
npm,@servicetitan/docs-anvil-uikit-contrib,41.3.3,present,scanned,malware,sent,default,1785845456508,""
npm,@servicetitan/docs-anvil-uikit-contrib,41.3.4,present,scanned,malware,sent,default,1785845457845,""
npm,@servicetitan/docs-anvil-uikit-contrib,41.3.5,present,scanned,malware,sent,default,1785843735293,""
npm,@servicetitan/docs-anvil-uikit-contrib,41.3.6,present,scanned,malware,sent,default,1785846254266,""
npm,@servicetitan/docs-anvil-uikit-contrib,41.3.7,present,scanned,malware,sent,default,1785847321410,""
npm,@servicetitan/docs-uikit,38.1.1,present,scanned,malware,pending,default,1785853867332,""
npm,@servicetitan/docs-uikit,38.1.2,present,scanned,malware,pending,default,1785853867393,""
npm,@servicetitan/docs-uikit,38.1.3,present,scanned,malware,pending,default,1785853867363,""
npm,@servicetitan/docs-uikit,38.1.4,present,scanned,malware,pending,default,1785853867458,""
npm,@servicetitan/docs-uikit,38.1.5,present,scanned,malware,sent,default,1785844232858,""
npm,@servicetitan/docs-uikit,38.1.6,present,scanned,malware,sent,default,1785845971824,""
npm,@servicetitan/docs-uikit,38.1.7,present,scanned,malware,sent,default,1785847596879,""
npm,@servicetitan/document-title,2.4.1,present,scanned,malware,pending,default,1785853867240,""
npm,@servicetitan/document-title,2.4.2,present,scanned,malware,pending,default,1785853867202,""
npm,@servicetitan/document-title,2.4.3,present,scanned,malware,pending,default,1785853867271,""
npm,@servicetitan/document-title,2.4.4,present,scanned,malware,pending,default,1785853867302,""
npm,@servicetitan/document-title,2.4.5,present,scanned,malware,sent,default,1785843917928,""
npm,@servicetitan/document-title,2.4.6,present,scanned,malware,sent,default,1785845916618,""
npm,@servicetitan/document-title,2.4.7,present,scanned,malware,sent,default,1785847292206,""
npm,@servicetitan/dte-pdf-editor,1.76.1,present,scanned,malware,pending,default,1785853867498,""
npm,@servicetitan/dte-pdf-editor,1.76.2,present,scanned,malware,pending,default,1785853868013,""
npm,@servicetitan/dte-pdf-editor,1.76.3,present,scanned,malware,pending,default,1785853867919,""
npm,@servicetitan/dte-pdf-editor,1.76.4,present,scanned,malware,pending,default,1785853867978,""
npm,@servicetitan/dte-pdf-editor,1.76.5,present,scanned,malware,sent,default,1785844199856,""
npm,@servicetitan/dte-pdf-editor,1.76.6,present,scanned,malware,sent,default,1785846055782,""
npm,@servicetitan/dte-pdf-editor,1.76.7,present,scanned,malware,sent,default,1785847439308,""
npm,@servicetitan/dte-unlayer,0.150.1,present,scanned,malware,pending,default,1785853868633,""
npm,@servicetitan/dte-unlayer,0.150.2,present,scanned,malware,pending,default,1785853868533,""
npm,@servicetitan/dte-unlayer,0.150.3,present,scanned,malware,pending,default,1785853868567,""
npm,@servicetitan/dte-unlayer,0.150.4,present,scanned,malware,pending,default,1785853868600,""
npm,@servicetitan/dte-unlayer,0.150.5,present,scanned,malware,sent,default,1785844218678,""
npm,@servicetitan/dte-unlayer,0.150.6,present,scanned,malware,sent,default,1785846116271,""
npm,@servicetitan/dte-unlayer,0.150.7,present,scanned,malware,sent,default,1785847508856,""
npm,@servicetitan/eh-module-communication,0.2.1,present,scanned,malware,sent,default,1785844052350,""
npm,@servicetitan/eh-module-communication,0.2.2,present,scanned,malware,sent,default,1785844052371,""
npm,@servicetitan/eh-module-communication,0.2.3,present,scanned,malware,sent,default,1785844078431,""
npm,@servicetitan/eh-module-communication,0.2.4,present,scanned,malware,sent,default,1785844079917,""
npm,@servicetitan/eh-module-communication,0.2.5,present,scanned,malware,sent,default,1785843792229,""
npm,@servicetitan/eh-module-communication,0.2.6,present,scanned,malware,sent,default,1785846011811,""
npm,@servicetitan/eh-module-communication,0.2.7,present,scanned,malware,sent,default,1785847275915,""
npm,@servicetitan/error-boundary,38.1.1,present,scanned,malware,pending,default,1785854236000,""
npm,@servicetitan/error-boundary,38.1.2,present,scanned,malware,pending,default,1785853867842,""
npm,@servicetitan/error-boundary,38.1.3,present,scanned,malware,pending,default,1785853867876,""
npm,@servicetitan/error-boundary,38.1.4,present,scanned,malware,pending,default,1785853869016,""
npm,@servicetitan/error-boundary,38.1.5,present,scanned,malware,sent,default,1785843942089,""
npm,@servicetitan/error-boundary,38.1.6,present,scanned,malware,sent,default,1785845901976,""
npm,@servicetitan/error-boundary,38.1.7,present,scanned,malware,sent,default,1785847417551,""
npm,@servicetitan/eslint-config,38.1.1,present,scanned,malware,pending,default,1785854236000,""
npm,@servicetitan/eslint-config,38.1.2,present,scanned,malware,pending,default,1785854236000,""
npm,@servicetitan/eslint-config,38.1.3,present,scanned,malware,pending,default,1785853869113,""
npm,@servicetitan/eslint-config,38.1.4,present,scanned,malware,pending,default,1785853869074,""
npm,@servicetitan/eslint-config,38.1.5,present,scanned,malware,sent,default,1785844032961,""
npm,@servicetitan/eslint-config,38.1.6,present,scanned,malware,sent,default,1785846070852,""
npm,@servicetitan/eslint-config,38.1.7,present,scanned,malware,sent,default,1785847396628,""
npm,@servicetitan/eslint-plugin,38.1.1,present,scanned,malware,pending,default,1785853869181,""
npm,@servicetitan/eslint-plugin,38.1.2,present,scanned,malware,pending,default,1785853869248,""
npm,@servicetitan/eslint-plugin,38.1.3,present,scanned,malware,pending,default,1785853869147,""
npm,@servicetitan/eslint-plugin,38.1.4,present,scanned,malware,pending,default,1785853869215,""
npm,@servicetitan/eslint-plugin,38.1.5,present,scanned,malware,sent,default,1785844217860,""
npm,@servicetitan/eslint-plugin,38.1.6,present,scanned,malware,sent,default,1785845971055,""
npm,@servicetitan/eslint-plugin,38.1.7,present,scanned,malware,pending,default,1785854360000,""
npm,@servicetitan/eslint-plugin-decorators-declare,12.8.15,present,scanned,malware,pending,default,1785853869278,""
npm,@servicetitan/eslint-plugin-decorators-declare,12.8.16,present,scanned,malware,pending,default,1785853869629,""
npm,@servicetitan/eslint-plugin-decorators-declare,12.8.17,present,scanned,malware,pending,default,1785853869699,""
npm,@servicetitan/eslint-plugin-decorators-declare,12.8.18,present,scanned,malware,pending,default,1785853869792,""
npm,@servicetitan/eslint-plugin-decorators-declare,12.8.19,present,scanned,malware,sent,default,1785844032922,""
npm,@servicetitan/eslint-plugin-decorators-declare,12.8.20,present,scanned,malware,sent,default,1785845936982,""
npm,@servicetitan/eslint-plugin-decorators-declare,12.8.21,present,scanned,malware,sent,default,1785847337925,""
npm,@servicetitan/eslint-plugin-folder-schema,38.1.1,present,scanned,malware,pending,default,1785853869855,""
npm,@servicetitan/eslint-plugin-folder-schema,38.1.2,present,scanned,malware,pending,default,1785853869887,""
npm,@servicetitan/eslint-plugin-folder-schema,38.1.3,present,scanned,malware,pending,default,1785853869824,""
npm,@servicetitan/eslint-plugin-folder-schema,38.1.4,present,scanned,malware,pending,default,1785853869918,""
npm,@servicetitan/eslint-plugin-folder-schema,38.1.5,present,scanned,malware,sent,default,1785844034456,""
npm,@servicetitan/eslint-plugin-folder-schema,38.1.6,present,scanned,malware,sent,default,1785845937175,""
npm,@servicetitan/eslint-plugin-folder-schema,38.1.7,present,scanned,malware,sent,default,1785847321485,""
npm,@servicetitan/eslint-plugin-mobx-6,12.8.15,present,scanned,malware,pending,default,1785853869731,""
npm,@servicetitan/eslint-plugin-mobx-6,12.8.16,present,scanned,malware,pending,default,1785853869663,""
npm,@servicetitan/eslint-plugin-mobx-6,12.8.17,present,scanned,malware,pending,default,1785853869762,""
npm,@servicetitan/eslint-plugin-mobx-6,12.8.18,present,scanned,malware,sent,default,1785843912348,""
npm,@servicetitan/eslint-plugin-mobx-6,12.8.19,present,scanned,malware,sent,default,1785845916628,""
npm,@servicetitan/eslint-plugin-mobx-6,12.8.20,present,scanned,malware,sent,default,1785847526046,""
npm,@servicetitan/eslint-plugin-processors-stub,12.8.15,present,scanned,malware,pending,default,1785853870298,""
npm,@servicetitan/eslint-plugin-processors-stub,12.8.16,present,scanned,malware,pending,default,1785853870387,""
npm,@servicetitan/eslint-plugin-processors-stub,12.8.17,present,scanned,malware,pending,default,1785853870421,""
npm,@servicetitan/eslint-plugin-processors-stub,12.8.18,present,scanned,malware,pending,default,1785853870346,""
npm,@servicetitan/eslint-plugin-processors-stub,12.8.19,present,scanned,malware,sent,default,1785843917980,""
npm,@servicetitan/eslint-plugin-processors-stub,12.8.20,present,scanned,malware,sent,default,1785845937075,""
npm,@servicetitan/eslint-plugin-processors-stub,12.8.21,present,scanned,malware,sent,default,1785847356657,""
npm,@servicetitan/examples,1.2.10,present,scanned,malware,sent,default,1785846297402,""
npm,@servicetitan/examples,1.2.11,present,scanned,malware,sent,default,1785847484737,""
npm,@servicetitan/examples,1.2.5,present,scanned,malware,pending,default,1785853870890,""
npm,@servicetitan/examples,1.2.6,present,scanned,malware,pending,default,1785853870934,""
npm,@servicetitan/examples,1.2.7,present,scanned,malware,pending,default,1785853871025,""
npm,@servicetitan/examples,1.2.8,present,scanned,malware,pending,default,1785853870977,""
npm,@servicetitan/examples,1.2.9,present,scanned,malware,sent,default,1785844252682,""
npm,@servicetitan/feature-spotlight,3.9.1,present,scanned,malware,sent,default,1785846558987,""
npm,@servicetitan/feature-spotlight,3.9.2,present,scanned,malware,sent,default,1785843842742,""
npm,@servicetitan/feature-spotlight,3.9.3,present,scanned,malware,sent,default,1785845494383,""
npm,@servicetitan/feature-spotlight,3.9.4,present,scanned,malware,sent,default,1785846559080,""
npm,@servicetitan/feature-spotlight,3.9.5,present,scanned,malware,sent,default,1785846559125,""
npm,@servicetitan/feature-spotlight,3.9.6,present,scanned,malware,sent,default,1785846559180,""
npm,@servicetitan/feature-spotlight,3.9.7,present,scanned,malware,sent,default,1785847276380,""
npm,@servicetitan/folder-lint,38.1.1,present,scanned,malware,pending,default,1785853870462,""
npm,@servicetitan/folder-lint,38.1.2,present,scanned,malware,pending,default,1785853870257,""
npm,@servicetitan/folder-lint,38.1.3,present,scanned,malware,pending,default,1785853871445,""
npm,@servicetitan/folder-lint,38.1.4,present,scanned,malware,pending,default,1785853871396,""
npm,@servicetitan/folder-lint,38.1.5,present,scanned,malware,sent,default,1785843917968,""
npm,@servicetitan/folder-lint,38.1.6,present,scanned,malware,sent,default,1785846145529,""
npm,@servicetitan/folder-lint,38.1.7,present,scanned,malware,sent,default,1785847321448,""
npm,@servicetitan/forge,0.5.1,present,scanned,malware,pending,default,1785853873833,""
npm,@servicetitan/forge,0.5.2,present,scanned,malware,pending,default,1785853873877,""
npm,@servicetitan/forge,0.5.3,present,scanned,malware,pending,default,1785853873922,""
npm,@servicetitan/forge,0.5.4,present,scanned,malware,pending,default,1785853873788,""
npm,@servicetitan/forge,0.5.5,present,scanned,malware,sent,default,1785844252833,""
npm,@servicetitan/forge,0.5.6,present,scanned,malware,sent,default,1785845955951,""
npm,@servicetitan/forge,0.5.7,present,scanned,malware,sent,default,1785847572854,""
npm,@servicetitan/form,41.3.1,present,scanned,malware,sent,default,1785843838244,""
npm,@servicetitan/form,41.3.2,present,scanned,malware,sent,default,1785843858085,""
npm,@servicetitan/form,41.3.3,present,scanned,malware,sent,default,1785845807545,""
npm,@servicetitan/form,41.3.4,present,scanned,malware,sent,default,1785845810469,""
npm,@servicetitan/form,41.3.5,present,scanned,malware,sent,default,1785844346890,""
npm,@servicetitan/form,41.3.6,present,scanned,malware,sent,default,1785846297354,""
npm,@servicetitan/form,41.3.7,present,scanned,malware,sent,default,1785847357643,""
npm,@servicetitan/form-state,41.3.1,present,scanned,malware,sent,default,1785843829177,""
npm,@servicetitan/form-state,41.3.2,present,scanned,malware,sent,default,1785846145079,""
npm,@servicetitan/form-state,41.3.3,present,scanned,malware,sent,default,1785846145085,""
npm,@servicetitan/form-state,41.3.4,present,scanned,malware,sent,default,1785846145091,""
npm,@servicetitan/form-state,41.3.5,present,scanned,malware,sent,default,1785844199842,""
npm,@servicetitan/form-state,41.3.6,present,scanned,malware,sent,default,1785846254328,""
npm,@servicetitan/form-state,41.3.7,present,scanned,malware,sent,default,1785847545025,""
npm,@servicetitan/grid,0.0.63,present,scanned,malware,pending,default,1785853871584,""
npm,@servicetitan/grid,0.0.64,present,scanned,malware,pending,default,1785853871694,""
npm,@servicetitan/grid,0.0.65,present,scanned,malware,pending,default,1785853871639,""
npm,@servicetitan/grid,0.0.66,present,scanned,malware,pending,default,1785853871814,""
npm,@servicetitan/grid,0.0.67,present,scanned,malware,sent,default,1785844310073,""
npm,@servicetitan/grid,0.0.68,present,scanned,malware,sent,default,1785846254538,""
npm,@servicetitan/grid,0.0.69,present,scanned,malware,sent,default,1785847439410,""
npm,@servicetitan/hammer-icon,1.2.1,present,scanned,malware,pending,default,1785854236000,""
npm,@servicetitan/hammer-icon,1.2.2,present,scanned,malware,pending,default,1785854236000,""
npm,@servicetitan/hammer-icon,1.2.3,present,scanned,malware,pending,default,1785854236000,""
npm,@servicetitan/hammer-icon,1.2.4,present,scanned,malware,pending,default,1785854236000,""
npm,@servicetitan/hammer-icon,1.2.5,present,scanned,malware,sent,default,1785844252667,""
npm,@servicetitan/hammer-icon,1.2.6,present,scanned,malware,sent,default,1785845954776,""
npm,@servicetitan/hammer-icon,1.2.7,present,scanned,malware,sent,default,1785847462703,""
npm,@servicetitan/hammer-react,1.42.2,present,scanned,malware,sent,default,1785844390506,""
npm,@servicetitan/hammer-react,1.42.3,present,scanned,malware,sent,default,1785844432501,""
npm,@servicetitan/hammer-react,1.42.4,present,scanned,malware,sent,default,1785844483110,""
npm,@servicetitan/hammer-react,1.42.5,present,scanned,malware,sent,default,1785844502513,""
npm,@servicetitan/hammer-react,1.42.6,present,scanned,malware,sent,default,1785844346935,""
npm,@servicetitan/hammer-react,1.42.7,present,scanned,malware,sent,default,1785845986081,""
npm,@servicetitan/hammer-react,1.42.8,present,scanned,malware,sent,default,1785847439641,""
npm,@servicetitan/hammer-token,3.1.1,present,scanned,malware,pending,default,1785853874628,""
npm,@servicetitan/hammer-token,3.1.2,present,scanned,malware,pending,default,1785853874590,""
npm,@servicetitan/hammer-token,3.1.3,present,scanned,malware,pending,default,1785853874735,""
npm,@servicetitan/hammer-token,3.1.4,present,scanned,malware,pending,default,1785853874663,""
npm,@servicetitan/hammer-token,3.1.5,present,scanned,malware,sent,default,1785844183206,""
npm,@servicetitan/hammer-token,3.1.6,present,scanned,malware,sent,default,1785846275866,""
npm,@servicetitan/hammer-token,3.1.7,present,scanned,malware,sent,default,1785847417645,""
npm,@servicetitan/hash-browser-router,38.1.1,present,scanned,malware,pending,default,1785853874417,""
npm,@servicetitan/hash-browser-router,38.1.2,present,scanned,malware,pending,default,1785853874697,""
npm,@servicetitan/hash-browser-router,38.1.3,present,scanned,malware,pending,default,1785853875081,""
npm,@servicetitan/hash-browser-router,38.1.4,present,scanned,malware,pending,default,1785853875117,""
npm,@servicetitan/hash-browser-router,38.1.5,present,scanned,malware,sent,default,1785844032973,""
npm,@servicetitan/hash-browser-router,38.1.6,present,scanned,malware,sent,default,1785846116073,""
npm,@servicetitan/hash-browser-router,38.1.7,present,scanned,malware,sent,default,1785847438966,""
npm,@servicetitan/help-center,1.0.10,present,scanned,malware,pending,default,1785853875206,""
npm,@servicetitan/help-center,1.0.11,present,scanned,malware,pending,default,1785853875271,""
npm,@servicetitan/help-center,1.0.12,present,scanned,malware,sent,default,1785844199287,""
npm,@servicetitan/help-center,1.0.13,present,scanned,malware,sent,default,1785845954762,""
npm,@servicetitan/help-center,1.0.14,present,scanned,malware,sent,default,1785847462773,""
npm,@servicetitan/help-center,1.0.8,present,scanned,malware,pending,default,1785853875309,""
npm,@servicetitan/help-center,1.0.9,present,scanned,malware,pending,default,1785853875353,""
npm,@servicetitan/html-sketchapp,4.2.10,present,scanned,malware,pending,default,1785853875684,""
npm,@servicetitan/html-sketchapp,4.2.11,present,scanned,malware,pending,default,1785853875647,""
npm,@servicetitan/html-sketchapp,4.2.12,present,scanned,malware,sent,default,1785844123926,""
npm,@servicetitan/html-sketchapp,4.2.13,present,scanned,malware,sent,default,1785846275914,""
npm,@servicetitan/html-sketchapp,4.2.14,present,scanned,malware,sent,default,1785847358434,""
npm,@servicetitan/html-sketchapp,4.2.8,present,scanned,malware,pending,default,1785853875610,""
npm,@servicetitan/html-sketchapp,4.2.9,present,scanned,malware,pending,default,1785853875721,""
npm,@servicetitan/install,38.1.1,present,scanned,malware,pending,default,1785854236000,""
npm,@servicetitan/install,38.1.2,present,scanned,malware,pending,default,1785853876358,""
npm,@servicetitan/install,38.1.3,present,scanned,malware,pending,default,1785853876419,""
npm,@servicetitan/install,38.1.4,present,scanned,malware,pending,default,1785853876388,""
npm,@servicetitan/install,38.1.5,present,scanned,malware,sent,default,1785844182392,""
npm,@servicetitan/install,38.1.6,present,scanned,malware,sent,default,1785846145576,""
npm,@servicetitan/install,38.1.7,present,scanned,malware,sent,default,1785847417572,""
npm,@servicetitan/intl,7.2.1,present,scanned,malware,sent,default,1785843965062,""
npm,@servicetitan/intl,7.2.2,present,scanned,malware,sent,default,1785843985846,""
npm,@servicetitan/intl,7.2.3,present,scanned,malware,sent,default,1785843986376,""
npm,@servicetitan/intl,7.2.4,present,scanned,malware,sent,default,1785844005975,""
npm,@servicetitan/intl,7.2.5,present,scanned,malware,sent,default,1785844293506,""
npm,@servicetitan/intl,7.2.6,present,scanned,malware,sent,default,1785846315774,""
npm,@servicetitan/intl,7.2.7,present,scanned,malware,sent,default,1785847508008,""
npm,@servicetitan/json-render-react,0.4.10,present,scanned,malware,sent,default,1785844199889,""
npm,@servicetitan/json-render-react,0.4.11,present,scanned,malware,sent,default,1785846254870,""
npm,@servicetitan/json-render-react,0.4.12,present,scanned,malware,sent,default,1785847439688,""
npm,@servicetitan/json-render-react,0.4.6,present,scanned,malware,sent,default,1785844324062,""
npm,@servicetitan/json-render-react,0.4.7,present,scanned,malware,sent,default,1785844324086,""
npm,@servicetitan/json-render-react,0.4.8,present,scanned,malware,sent,default,1785844324119,""
npm,@servicetitan/json-render-react,0.4.9,present,scanned,malware,sent,default,1785844342399,""
npm,@servicetitan/kendo-theme,0.0.27,present,scanned,malware,pending,default,1785853876238,""
npm,@servicetitan/kendo-theme,0.0.28,present,scanned,malware,pending,default,1785853876299,""
npm,@servicetitan/kendo-theme,0.0.29,present,scanned,malware,pending,default,1785853876269,""
npm,@servicetitan/kendo-theme,0.0.30,present,scanned,malware,pending,default,1785853876328,""
npm,@servicetitan/kendo-theme,0.0.31,present,scanned,malware,sent,default,1785843735306,""
npm,@servicetitan/kendo-theme,0.0.32,present,scanned,malware,sent,default,1785845916648,""
npm,@servicetitan/kendo-theme,0.0.33,present,scanned,malware,sent,default,1785847266291,""
npm,@servicetitan/ko-bridge,38.1.1,present,scanned,malware,pending,default,1785853876203,""
npm,@servicetitan/ko-bridge,38.1.2,present,scanned,malware,pending,default,1785853876159,""
npm,@servicetitan/ko-bridge,38.1.3,present,scanned,malware,pending,default,1785853877092,""
npm,@servicetitan/ko-bridge,38.1.4,present,scanned,malware,pending,default,1785853876783,""
npm,@servicetitan/ko-bridge,38.1.5,present,scanned,malware,sent,default,1785843941416,""
npm,@servicetitan/ko-bridge,38.1.6,present,scanned,malware,sent,default,1785846116063,""
npm,@servicetitan/ko-bridge,38.1.7,present,scanned,malware,sent,default,1785847337930,""
npm,@servicetitan/launchdarkly-service,38.1.1,present,scanned,malware,pending,default,1785853876825,""
npm,@servicetitan/launchdarkly-service,38.1.2,present,scanned,malware,pending,default,1785853876931,""
npm,@servicetitan/launchdarkly-service,38.1.3,present,scanned,malware,pending,default,1785853876896,""
npm,@servicetitan/launchdarkly-service,38.1.4,present,scanned,malware,pending,default,1785853876860,""
npm,@servicetitan/launchdarkly-service,38.1.5,present,scanned,malware,sent,default,1785844217944,""
npm,@servicetitan/launchdarkly-service,38.1.6,present,scanned,malware,sent,default,1785846254322,""
npm,@servicetitan/launchdarkly-service,38.1.7,present,scanned,malware,sent,default,1785847545036,""
npm,@servicetitan/lazy-module,38.1.1,present,scanned,malware,pending,default,1785853876964,""
npm,@servicetitan/lazy-module,38.1.2,present,scanned,malware,pending,default,1785853877028,""
npm,@servicetitan/lazy-module,38.1.3,present,scanned,malware,pending,default,1785853876996,""
npm,@servicetitan/lazy-module,38.1.4,present,scanned,malware,pending,default,1785853877059,""
npm,@servicetitan/lazy-module,38.1.5,present,scanned,malware,sent,default,1785844006438,""
npm,@servicetitan/lazy-module,38.1.6,present,scanned,malware,sent,default,1785845971026,""
npm,@servicetitan/lazy-module,38.1.7,present,scanned,malware,sent,default,1785847292387,""
npm,@servicetitan/ld-type-generator,0.2.1,present,scanned,malware,pending,default,1785853877713,""
npm,@servicetitan/ld-type-generator,0.2.2,present,scanned,malware,pending,default,1785853877748,""
npm,@servicetitan/ld-type-generator,0.2.3,present,scanned,malware,pending,default,1785853877783,""
npm,@servicetitan/ld-type-generator,0.2.4,present,scanned,malware,pending,default,1785853877678,""
npm,@servicetitan/ld-type-generator,0.2.5,present,scanned,malware,sent,default,1785843792237,""
npm,@servicetitan/ld-type-generator,0.2.6,present,scanned,malware,sent,default,1785845916647,""
npm,@servicetitan/ld-type-generator,0.2.7,present,scanned,malware,sent,default,1785847254570,""
npm,@servicetitan/line-item-editor,1.5.1,present,scanned,malware,sent,default,1785844324069,""
npm,@servicetitan/line-item-editor,1.5.2,present,scanned,malware,sent,default,1785844324092,""
npm,@servicetitan/line-item-editor,1.5.3,present,scanned,malware,sent,default,1785844324100,""
npm,@servicetitan/line-item-editor,1.5.4,present,scanned,malware,sent,default,1785844342410,""
npm,@servicetitan/line-item-editor,1.5.5,present,scanned,malware,sent,default,1785844293527,""
npm,@servicetitan/line-item-editor,1.5.6,present,scanned,malware,sent,default,1785846014109,""
npm,@servicetitan/line-item-editor,1.5.7,present,scanned,malware,sent,default,1785847417764,""
npm,@servicetitan/link-item,41.3.1,present,scanned,malware,sent,default,1785846559282,""
npm,@servicetitan/link-item,41.3.2,present,scanned,malware,sent,default,1785846559230,""
npm,@servicetitan/link-item,41.3.3,present,scanned,malware,sent,default,1785846561791,""
npm,@servicetitan/link-item,41.3.4,present,scanned,malware,sent,default,1785846561734,""
npm,@servicetitan/link-item,41.3.5,present,scanned,malware,sent,default,1785846565509,""
npm,@servicetitan/link-item,41.3.6,present,scanned,malware,sent,default,1785846561858,""
npm,@servicetitan/link-item,41.3.7,present,scanned,malware,sent,default,1785847337943,""
npm,@servicetitan/log-service,38.1.1,present,scanned,malware,pending,default,1785854236000,""
npm,@servicetitan/log-service,38.1.2,present,scanned,malware,pending,default,1785854236000,""
npm,@servicetitan/log-service,38.1.3,present,scanned,malware,pending,default,1785853877575,""
npm,@servicetitan/log-service,38.1.4,present,scanned,malware,pending,default,1785853877608,""
npm,@servicetitan/log-service,38.1.5,present,scanned,malware,sent,default,1785844035038,""
npm,@servicetitan/log-service,38.1.6,present,scanned,malware,sent,default,1785846013614,""
npm,@servicetitan/log-service,38.1.7,present,scanned,malware,sent,default,1785847337954,""
npm,@servicetitan/marketing-direct-mail-components,20.1.1,present,scanned,malware,sent,default,1785846562961,""
npm,@servicetitan/marketing-direct-mail-components,20.1.2,present,scanned,malware,sent,default,1785846566871,""
npm,@servicetitan/marketing-direct-mail-components,20.1.3,present,scanned,malware,sent,default,1785846565475,""
npm,@servicetitan/marketing-direct-mail-components,20.1.4,present,scanned,malware,sent,default,1785846564245,""
npm,@servicetitan/marketing-direct-mail-components,20.1.5,present,scanned,malware,sent,default,1785844784257,""
npm,@servicetitan/marketing-direct-mail-components,20.1.6,present,scanned,malware,sent,default,1785846315759,""
npm,@servicetitan/marketing-direct-mail-components,20.1.7,present,scanned,malware,sent,default,1785847527152,""
npm,@servicetitan/marketing-email-components,20.2.3,present,scanned,malware,pending,default,1785853877536,""
npm,@servicetitan/marketing-email-components,20.2.4,present,scanned,malware,pending,default,1785853877643,""
npm,@servicetitan/marketing-email-components,20.2.5,present,scanned,malware,pending,default,1785853878459,""
npm,@servicetitan/marketing-email-components,20.2.6,present,scanned,malware,pending,default,1785853878294,""
npm,@servicetitan/marketing-email-components,20.2.7,present,scanned,malware,sent,default,1785844250576,""
npm,@servicetitan/marketing-email-components,20.2.8,present,scanned,malware,sent,default,1785846054898,""
npm,@servicetitan/marketing-email-components,20.2.9,present,scanned,malware,sent,default,1785847545092,""
npm,@servicetitan/marketing-form,0.1.2,present,scanned,malware,pending,default,1785853878492,""
npm,@servicetitan/marketing-form,0.1.3,present,scanned,malware,pending,default,1785853878391,""
npm,@servicetitan/marketing-form,0.1.4,present,scanned,malware,pending,default,1785853878358,""
npm,@servicetitan/marketing-form,0.1.5,present,scanned,malware,pending,default,1785853878424,""
npm,@servicetitan/marketing-form,0.1.6,present,scanned,malware,sent,default,1785843792181,""
npm,@servicetitan/marketing-form,0.1.7,present,scanned,malware,sent,default,1785846070940,""
npm,@servicetitan/marketing-form,0.1.8,present,scanned,malware,sent,default,1785847396412,""
npm,@servicetitan/marketing-global-route,1.14.1,present,scanned,malware,pending,default,1785853878325,""
npm,@servicetitan/marketing-global-route,1.14.2,present,scanned,malware,pending,default,1785853878222,""
npm,@servicetitan/marketing-global-route,1.14.3,present,scanned,malware,pending,default,1785853878523,""
npm,@servicetitan/marketing-global-route,1.14.4,present,scanned,malware,pending,default,1785853878259,""
npm,@servicetitan/marketing-global-route,1.14.5,present,scanned,malware,sent,default,1785844182311,""
npm,@servicetitan/marketing-global-route,1.14.6,present,scanned,malware,sent,default,1785846054883,""
npm,@servicetitan/marketing-global-route,1.14.7,present,scanned,malware,sent,default,1785847462607,""
npm,@servicetitan/marketing-integration-widgets,1.0.40,present,scanned,malware,pending,default,1785853879279,""
npm,@servicetitan/marketing-integration-widgets,1.0.41,present,scanned,malware,pending,default,1785853879326,""
npm,@servicetitan/marketing-integration-widgets,1.0.42,present,scanned,malware,pending,default,1785853879181,""
npm,@servicetitan/marketing-integration-widgets,1.0.43,present,scanned,malware,pending,default,1785853879232,""
npm,@servicetitan/marketing-integration-widgets,1.0.44,present,scanned,malware,sent,default,1785844199309,""
npm,@servicetitan/marketing-integration-widgets,1.0.45,present,scanned,malware,sent,default,1785845985652,""
npm,@servicetitan/marketing-integration-widgets,1.0.46,present,scanned,malware,sent,default,1785847357682,""
npm,@servicetitan/marketing-route,1.2.1,present,scanned,malware,pending,default,1785853879012,""
npm,@servicetitan/marketing-route,1.2.2,present,scanned,malware,pending,default,1785853879045,""
npm,@servicetitan/marketing-route,1.2.3,present,scanned,malware,pending,default,1785853878967,""
npm,@servicetitan/marketing-route,1.2.4,present,scanned,malware,pending,default,1785853879081,""
npm,@servicetitan/marketing-route,1.2.5,present,scanned,malware,sent,default,1785844006442,""
npm,@servicetitan/marketing-route,1.2.6,present,scanned,malware,sent,default,1785846295889,""
npm,@servicetitan/marketing-route,1.2.7,present,scanned,malware,sent,default,1785847292321,""
npm,@servicetitan/marketing-ui,9.3.1,present,scanned,malware,sent,default,1785846566952,""
npm,@servicetitan/marketing-ui,9.3.2,present,scanned,malware,sent,default,1785846566912,""
npm,@servicetitan/marketing-ui,9.3.3,present,scanned,malware,sent,default,1785846567431,""
npm,@servicetitan/marketing-ui,9.3.4,present,scanned,malware,sent,default,1785846567852,""
npm,@servicetitan/marketing-ui,9.3.5,present,scanned,malware,sent,default,1785844293483,""
npm,@servicetitan/marketing-ui,9.3.6,present,scanned,malware,sent,default,1785846071978,""
npm,@servicetitan/marketing-ui,9.3.7,present,scanned,malware,sent,default,1785847507994,""
npm,@servicetitan/marketing-widgets,1.0.1,present,scanned,malware,pending,default,1785853879128,""
npm,@servicetitan/marketing-widgets,1.0.2,present,scanned,malware,pending,default,1785853879438,""
npm,@servicetitan/marketing-widgets,1.0.3,present,scanned,malware,pending,default,1785853879879,""
npm,@servicetitan/marketing-widgets,1.0.4,present,scanned,malware,pending,default,1785853879835,""
npm,@servicetitan/marketing-widgets,1.0.5,present,scanned,malware,sent,default,1785844233427,""
npm,@servicetitan/marketing-widgets,1.0.6,present,scanned,malware,sent,default,1785846275471,""
npm,@servicetitan/marketing-widgets,1.0.7,present,scanned,malware,sent,default,1785847545086,""
npm,@servicetitan/measure-sheet-data,2.6.1,present,scanned,malware,pending,default,1785853880091,""
npm,@servicetitan/measure-sheet-data,2.6.2,present,scanned,malware,pending,default,1785853880132,""
npm,@servicetitan/measure-sheet-data,2.6.3,present,scanned,malware,pending,default,1785853880175,""
npm,@servicetitan/measure-sheet-data,2.6.4,present,scanned,malware,pending,default,1785853880054,""
npm,@servicetitan/measure-sheet-data,2.6.5,present,scanned,malware,sent,default,1785844233417,""
npm,@servicetitan/measure-sheet-data,2.6.6,present,scanned,malware,sent,default,1785845937046,""
npm,@servicetitan/measure-sheet-data,2.6.7,present,scanned,malware,sent,default,1785847527167,""
npm,@servicetitan/mfe-quick-actions,0.5.49,present,scanned,malware,pending,default,1785853880580,""
npm,@servicetitan/mfe-quick-actions,0.5.50,present,scanned,malware,pending,default,1785853880488,""
npm,@servicetitan/mfe-quick-actions,0.5.51,present,scanned,malware,pending,default,1785853880537,""
npm,@servicetitan/mfe-quick-actions,0.5.52,present,scanned,malware,pending,default,1785853880622,""
npm,@servicetitan/mfe-quick-actions,0.5.53,present,scanned,malware,sent,default,1785844346949,""
npm,@servicetitan/mfe-quick-actions,0.5.54,present,scanned,malware,sent,default,1785846315801,""
npm,@servicetitan/mfe-quick-actions,0.5.55,present,scanned,malware,sent,default,1785847598496,""
npm,@servicetitan/micro-frontend,0.0.10,present,scanned,malware,sent,default,1785847396507,""
npm,@servicetitan/micro-frontend,0.0.4,present,scanned,malware,pending,default,1785853881323,""
npm,@servicetitan/micro-frontend,0.0.5,present,scanned,malware,pending,default,1785853881216,""
npm,@servicetitan/micro-frontend,0.0.6,present,scanned,malware,pending,default,1785853881114,""
npm,@servicetitan/micro-frontend,0.0.7,present,scanned,malware,pending,default,1785853881148,""
npm,@servicetitan/micro-frontend,0.0.8,present,scanned,malware,sent,default,1785843941351,""
npm,@servicetitan/micro-frontend,0.0.9,present,scanned,malware,sent,default,1785845954768,""
npm,@servicetitan/microfront,0.0.2,present,scanned,malware,pending,default,1785853881358,""
npm,@servicetitan/microfront,0.0.3,present,scanned,malware,pending,default,1785853881285,""
npm,@servicetitan/microfront,0.0.4,present,scanned,malware,pending,default,1785853881079,""
npm,@servicetitan/microfront,0.0.5,present,scanned,malware,pending,default,1785853881040,""
npm,@servicetitan/microfront,0.0.6,present,scanned,malware,sent,default,1785843809083,""
npm,@servicetitan/microfront,0.0.7,present,scanned,malware,sent,default,1785846116057,""
npm,@servicetitan/microfront,0.0.8,present,scanned,malware,sent,default,1785847396483,""
npm,@servicetitan/microfront-auth,0.0.10,present,scanned,malware,sent,default,1785846116067,""
npm,@servicetitan/microfront-auth,0.0.11,present,scanned,malware,sent,default,1785847292203,""
npm,@servicetitan/microfront-auth,0.0.5,present,scanned,malware,pending,default,1785853881181,""
npm,@servicetitan/microfront-auth,0.0.6,present,scanned,malware,pending,default,1785853881250,""
npm,@servicetitan/microfront-auth,0.0.7,present,scanned,malware,pending,default,1785853881696,""
npm,@servicetitan/microfront-auth,0.0.8,present,scanned,malware,pending,default,1785853882028,""
npm,@servicetitan/microfront-auth,0.0.9,present,scanned,malware,sent,default,1785844123387,""
npm,@servicetitan/microfront-tests,0.0.11,present,scanned,malware,pending,default,1785853881781,""
npm,@servicetitan/microfront-tests,0.0.12,present,scanned,malware,pending,default,1785853881819,""
npm,@servicetitan/microfront-tests,0.0.13,present,scanned,malware,pending,default,1785853881738,""
npm,@servicetitan/microfront-tests,0.0.14,present,scanned,malware,pending,default,1785853881851,""
npm,@servicetitan/microfront-tests,0.0.15,present,scanned,malware,sent,default,1785843809189,""
npm,@servicetitan/microfront-tests,0.0.16,present,scanned,malware,sent,default,1785845917566,""
npm,@servicetitan/microfront-tests,0.0.17,present,scanned,malware,sent,default,1785847396441,""
npm,@servicetitan/microfront-utils,1.4.1,present,scanned,malware,pending,default,1785853881995,""
npm,@servicetitan/microfront-utils,1.4.2,present,scanned,malware,pending,default,1785853881888,""
npm,@servicetitan/microfront-utils,1.4.3,present,scanned,malware,pending,default,1785853881960,""
npm,@servicetitan/microfront-utils,1.4.4,present,scanned,malware,pending,default,1785853881924,""
npm,@servicetitan/microfront-utils,1.4.5,present,scanned,malware,sent,default,1785844006489,""
npm,@servicetitan/microfront-utils,1.4.6,present,scanned,malware,sent,default,1785846070908,""
npm,@servicetitan/microfront-utils,1.4.7,present,scanned,malware,sent,default,1785847321524,""
npm,@servicetitan/modularpayments-webfields,1.0.53,present,scanned,malware,pending,default,1785853882585,""
npm,@servicetitan/modularpayments-webfields,1.0.54,present,scanned,malware,pending,default,1785853882495,""
npm,@servicetitan/modularpayments-webfields,1.0.55,present,scanned,malware,pending,default,1785853882555,""
npm,@servicetitan/modularpayments-webfields,1.0.56,present,scanned,malware,pending,default,1785853882525,""
npm,@servicetitan/modularpayments-webfields,1.0.57,present,scanned,malware,sent,default,1785843917925,""
npm,@servicetitan/modularpayments-webfields,1.0.58,present,scanned,malware,sent,default,1785845936980,""
npm,@servicetitan/modularpayments-webfields,1.0.59,present,scanned,malware,sent,default,1785847292167,""
npm,@servicetitan/moneyout-api-client,1.29.1,present,scanned,malware,pending,default,1785853882680,""
npm,@servicetitan/moneyout-api-client,1.29.2,present,scanned,malware,pending,default,1785853882712,""
npm,@servicetitan/moneyout-api-client,1.29.3,present,scanned,malware,pending,default,1785853882617,""
npm,@servicetitan/moneyout-api-client,1.29.4,present,scanned,malware,pending,default,1785853882648,""
npm,@servicetitan/moneyout-api-client,1.29.5,present,scanned,malware,sent,default,1785844182406,""
npm,@servicetitan/moneyout-api-client,1.29.6,present,scanned,malware,sent,default,1785846055770,""
npm,@servicetitan/moneyout-api-client,1.29.7,present,scanned,malware,sent,default,1785847396675,""
npm,@servicetitan/mpa-components,2.5.1,present,scanned,malware,pending,default,1785853882747,""
npm,@servicetitan/mpa-components,2.5.2,present,scanned,malware,pending,default,1785853882457,""
npm,@servicetitan/mpa-components,2.5.3,present,scanned,malware,pending,default,1785853883424,""
npm,@servicetitan/mpa-components,2.5.4,present,scanned,malware,pending,default,1785853883115,""
npm,@servicetitan/mpa-components,2.5.5,present,scanned,malware,sent,default,1785844292783,""
npm,@servicetitan/mpa-components,2.5.6,present,scanned,malware,sent,default,1785846254070,""
npm,@servicetitan/mpa-components,2.5.7,present,scanned,malware,sent,default,1785847484219,""
npm,@servicetitan/navigation,14.1.1,present,scanned,malware,sent,default,1785846567519,""
npm,@servicetitan/navigation,14.1.2,present,scanned,malware,sent,default,1785846567610,""
npm,@servicetitan/navigation,14.1.3,present,scanned,malware,sent,default,1785846567565,""
npm,@servicetitan/navigation,14.1.4,present,scanned,malware,sent,default,1785846567887,""
npm,@servicetitan/navigation,14.1.5,present,scanned,malware,sent,default,1785846567710,""
npm,@servicetitan/navigation,14.1.6,present,scanned,malware,sent,default,1785846145603,""
npm,@servicetitan/navigation,14.1.7,present,scanned,malware,sent,default,1785847439184,""
npm,@servicetitan/notifications,41.3.1,present,scanned,malware,sent,default,1785846567476,""
npm,@servicetitan/notifications,41.3.2,present,scanned,malware,sent,default,1785846567797,""
npm,@servicetitan/notifications,41.3.3,present,scanned,malware,sent,default,1785846567357,""
npm,@servicetitan/notifications,41.3.4,present,scanned,malware,sent,default,1785846568241,""
npm,@servicetitan/notifications,41.3.5,present,scanned,malware,sent,default,1785844233409,""
npm,@servicetitan/notifications,41.3.6,present,scanned,malware,sent,default,1785846275429,""
npm,@servicetitan/notifications,41.3.7,present,scanned,malware,sent,default,1785847526060,""
npm,@servicetitan/onboarding-ui,18.5.1,present,scanned,malware,sent,default,1785843780626,""
npm,@servicetitan/onboarding-ui,18.5.2,present,scanned,malware,sent,default,1785843782196,""
npm,@servicetitan/onboarding-ui,18.5.3,present,scanned,malware,sent,default,1785843783756,""
npm,@servicetitan/onboarding-ui,18.5.4,present,scanned,malware,sent,default,1785843791074,""
npm,@servicetitan/onboarding-ui,18.5.5,present,scanned,malware,sent,default,1785844343197,""
npm,@servicetitan/onboarding-ui,18.5.6,present,scanned,malware,sent,default,1785846145109,""
npm,@servicetitan/onboarding-ui,18.5.7,present,scanned,malware,sent,default,1785847438446,""
npm,@servicetitan/quick-actions,1.15.2,present,scanned,malware,sent,default,1785843833337,""
npm,@servicetitan/quick-actions,1.15.3,present,scanned,malware,sent,default,1785843859875,""
npm,@servicetitan/quick-actions,1.15.4,present,scanned,malware,sent,default,1785843870911,""
npm,@servicetitan/quick-actions,1.15.5,present,scanned,malware,sent,default,1785843900830,""
npm,@servicetitan/quick-actions,1.15.6,present,scanned,malware,sent,default,1785844156760,""
npm,@servicetitan/quick-actions,1.15.7,present,scanned,malware,sent,default,1785846275447,""
npm,@servicetitan/quick-actions,1.15.8,present,scanned,malware,sent,default,1785847417570,""
npm,@servicetitan/react-hooks,7.7.1,present,scanned,malware,sent,default,1785843964928,""
npm,@servicetitan/react-hooks,7.7.2,present,scanned,malware,sent,default,1785843965447,""
npm,@servicetitan/react-hooks,7.7.3,present,scanned,malware,sent,default,1785843986370,""
npm,@servicetitan/react-hooks,7.7.4,present,scanned,malware,sent,default,1785844005964,""
npm,@servicetitan/react-hooks,7.7.5,present,scanned,malware,sent,default,1785844156770,""
npm,@servicetitan/react-hooks,7.7.6,present,scanned,malware,sent,default,1785846145593,""
npm,@servicetitan/react-hooks,7.7.7,present,scanned,malware,sent,default,1785847484347,""
npm,@servicetitan/react-ioc,38.1.1,present,scanned,malware,pending,default,1785853883297,""
npm,@servicetitan/react-ioc,38.1.2,present,scanned,malware,pending,default,1785853883456,""
npm,@servicetitan/react-ioc,38.1.3,present,scanned,malware,pending,default,1785853883203,""
npm,@servicetitan/react-ioc,38.1.4,present,scanned,malware,pending,default,1785853883358,""
npm,@servicetitan/react-ioc,38.1.5,present,scanned,malware,sent,default,1785843941381,""
npm,@servicetitan/react-ioc,38.1.6,present,scanned,malware,sent,default,1785845985671,""
npm,@servicetitan/react-ioc,38.1.7,present,scanned,malware,sent,default,1785847337983,""
npm,@servicetitan/responsive,6.1.1,present,scanned,malware,sent,default,1785846569576,""
npm,@servicetitan/responsive,6.1.2,present,scanned,malware,sent,default,1785846569423,""
npm,@servicetitan/responsive,6.1.3,present,scanned,malware,sent,default,1785846569458,""
npm,@servicetitan/responsive,6.1.4,present,scanned,malware,sent,default,1785846569388,""
npm,@servicetitan/responsive,6.1.5,present,scanned,malware,sent,default,1785846569499,""
npm,@servicetitan/responsive,6.1.6,present,scanned,malware,sent,default,1785846145562,""
npm,@servicetitan/responsive,6.1.7,present,scanned,malware,sent,default,1785847417563,""
npm,@servicetitan/restrict-imports,38.1.1,present,scanned,malware,pending,default,1785853883388,""
npm,@servicetitan/restrict-imports,38.1.2,present,scanned,malware,pending,default,1785853883326,""
npm,@servicetitan/restrict-imports,38.1.3,present,scanned,malware,pending,default,1785853883234,""
npm,@servicetitan/restrict-imports,38.1.4,present,scanned,malware,pending,default,1785853883264,""
npm,@servicetitan/restrict-imports,38.1.5,present,scanned,malware,sent,default,1785844032951,""
npm,@servicetitan/restrict-imports,38.1.6,present,scanned,malware,sent,default,1785846116058,""
npm,@servicetitan/restrict-imports,38.1.7,present,scanned,malware,sent,default,1785847417558,""
npm,@servicetitan/schema-comparison,0.1.3,present,scanned,malware,pending,default,1785853883952,""
npm,@servicetitan/schema-comparison,0.1.4,present,scanned,malware,pending,default,1785853883847,""
npm,@servicetitan/schema-comparison,0.1.5,present,scanned,malware,pending,default,1785853883892,""
npm,@servicetitan/schema-comparison,0.1.6,present,scanned,malware,pending,default,1785853883922,""
npm,@servicetitan/schema-comparison,0.1.7,present,scanned,malware,sent,default,1785843792186,""
npm,@servicetitan/schema-comparison,0.1.8,present,scanned,malware,sent,default,1785846070963,""
npm,@servicetitan/schema-comparison,0.1.9,present,scanned,malware,sent,default,1785847276382,""
npm,@servicetitan/skeleton,9.2.10,present,scanned,malware,sent,default,1785847266303,""
npm,@servicetitan/skeleton,9.2.4,present,scanned,malware,sent,default,1785846569352,""
npm,@servicetitan/skeleton,9.2.5,present,scanned,malware,sent,default,1785846569536,""
npm,@servicetitan/skeleton,9.2.6,present,scanned,malware,sent,default,1785846569318,""
npm,@servicetitan/skeleton,9.2.7,present,scanned,malware,sent,default,1785846568350,""
npm,@servicetitan/skeleton,9.2.8,present,scanned,malware,sent,default,1785846569968,""
npm,@servicetitan/skeleton,9.2.9,present,scanned,malware,sent,default,1785846569892,""
npm,@servicetitan/standalone-core-feature-gates,1.11.10,present,scanned,malware,sent,default,1785847276405,""
npm,@servicetitan/standalone-core-feature-gates,1.11.4,present,scanned,malware,pending,default,1785853884084,""
npm,@servicetitan/standalone-core-feature-gates,1.11.5,present,scanned,malware,pending,default,1785853884052,""
npm,@servicetitan/standalone-core-feature-gates,1.11.6,present,scanned,malware,pending,default,1785853884116,""
npm,@servicetitan/standalone-core-feature-gates,1.11.7,present,scanned,malware,pending,default,1785853884148,""
npm,@servicetitan/standalone-core-feature-gates,1.11.8,present,scanned,malware,sent,default,1785844006427,""
npm,@servicetitan/standalone-core-feature-gates,1.11.9,present,scanned,malware,sent,default,1785845985660,""
npm,@servicetitan/standalone-feature-flags,2.3.2,present,scanned,malware,pending,default,1785853883986,""
npm,@servicetitan/standalone-feature-flags,2.3.3,present,scanned,malware,pending,default,1785853884019,""
npm,@servicetitan/standalone-feature-flags,2.3.4,present,scanned,malware,pending,default,1785853884504,""
npm,@servicetitan/standalone-feature-flags,2.3.5,present,scanned,malware,pending,default,1785853884777,""
npm,@servicetitan/standalone-feature-flags,2.3.6,present,scanned,malware,sent,default,1785844182229,""
npm,@servicetitan/standalone-feature-flags,2.3.7,present,scanned,malware,sent,default,1785845971049,""
npm,@servicetitan/standalone-feature-flags,2.3.8,present,scanned,malware,sent,default,1785847526045,""
npm,@servicetitan/standalone-root,1.11.3,present,scanned,malware,pending,default,1785853884742,""
npm,@servicetitan/standalone-root,1.11.4,present,scanned,malware,pending,default,1785853884705,""
npm,@servicetitan/standalone-root,1.11.5,present,scanned,malware,pending,default,1785853884570,""
npm,@servicetitan/standalone-root,1.11.6,present,scanned,malware,pending,default,1785853884669,""
npm,@servicetitan/standalone-root,1.11.7,present,scanned,malware,sent,default,1785844217810,""
npm,@servicetitan/standalone-root,1.11.8,present,scanned,malware,sent,default,1785845936966,""
npm,@servicetitan/standalone-root,1.11.9,present,scanned,malware,sent,default,1785847462717,""
npm,@servicetitan/standalone-tm-api,1.1.1,present,scanned,malware,pending,default,1785853884838,""
npm,@servicetitan/standalone-tm-api,1.1.2,present,scanned,malware,pending,default,1785853884633,""
npm,@servicetitan/standalone-tm-api,1.1.3,present,scanned,malware,pending,default,1785853884808,""
npm,@servicetitan/standalone-tm-api,1.1.4,present,scanned,malware,pending,default,1785853884601,""
npm,@servicetitan/standalone-tm-api,1.1.5,present,scanned,malware,sent,default,1785844182325,""
npm,@servicetitan/standalone-tm-api,1.1.6,present,scanned,malware,sent,default,1785846071983,""
npm,@servicetitan/standalone-tm-api,1.1.7,present,scanned,malware,sent,default,1785847276414,""
npm,@servicetitan/standalone-ui,2.2.10,present,scanned,malware,sent,default,1785847338058,""
npm,@servicetitan/standalone-ui,2.2.4,present,scanned,malware,sent,default,1785846570275,""
npm,@servicetitan/standalone-ui,2.2.5,present,scanned,malware,sent,default,1785846570142,""
npm,@servicetitan/standalone-ui,2.2.6,present,scanned,malware,sent,default,1785846570236,""
npm,@servicetitan/standalone-ui,2.2.7,present,scanned,malware,sent,default,1785846570049,""
npm,@servicetitan/standalone-ui,2.2.8,present,scanned,malware,sent,default,1785846570092,""
npm,@servicetitan/standalone-ui,2.2.9,present,scanned,malware,sent,default,1785846570194,""
npm,@servicetitan/startup,38.1.1,present,scanned,malware,pending,default,1785853885900,""
npm,@servicetitan/startup,38.1.2,present,scanned,malware,pending,default,1785853885738,""
npm,@servicetitan/startup,38.1.3,present,scanned,malware,pending,default,1785853885819,""
npm,@servicetitan/startup,38.1.4,present,scanned,malware,pending,default,1785853885658,""
npm,@servicetitan/startup,38.1.5,present,scanned,malware,sent,default,1785844310467,""
npm,@servicetitan/startup,38.1.6,present,scanned,malware,sent,default,1785845986049,""
npm,@servicetitan/startup,38.1.7,present,scanned,malware,sent,default,1785847463076,""
npm,@servicetitan/startup-jest,2.2.1,present,scanned,malware,pending,default,1785853885379,""
npm,@servicetitan/startup-jest,2.2.2,present,scanned,malware,pending,default,1785853885344,""
npm,@servicetitan/startup-jest,2.2.3,present,scanned,malware,pending,default,1785853885273,""
npm,@servicetitan/startup-jest,2.2.4,present,scanned,malware,pending,default,1785853885314,""
npm,@servicetitan/startup-jest,2.2.5,present,scanned,malware,sent,default,1785843726237,""
npm,@servicetitan/startup-jest,2.2.6,present,scanned,malware,sent,default,1785845902039,""
npm,@servicetitan/startup-jest,2.2.7,present,scanned,malware,sent,default,1785847545009,""
npm,@servicetitan/startup-mfe-compat,0.5.1,present,scanned,malware,pending,default,1785853885458,""
npm,@servicetitan/startup-mfe-compat,0.5.2,present,scanned,malware,pending,default,1785853885415,""
npm,@servicetitan/startup-mfe-compat,0.5.3,present,scanned,malware,pending,default,1785853886278,""
npm,@servicetitan/startup-mfe-compat,0.5.4,present,scanned,malware,pending,default,1785853886350,""
npm,@servicetitan/startup-mfe-compat,0.5.5,present,scanned,malware,sent,default,1785844233430,""
npm,@servicetitan/startup-mfe-compat,0.5.6,present,scanned,malware,sent,default,1785845954779,""
npm,@servicetitan/startup-mfe-compat,0.5.7,present,scanned,malware,sent,default,1785847337966,""
npm,@servicetitan/startup-utils,38.1.1,present,scanned,malware,pending,default,1785853886440,""
npm,@servicetitan/startup-utils,38.1.2,present,scanned,malware,pending,default,1785853886317,""
npm,@servicetitan/startup-utils,38.1.3,present,scanned,malware,pending,default,1785853886380,""
npm,@servicetitan/startup-utils,38.1.4,present,scanned,malware,pending,default,1785853886410,""
npm,@servicetitan/startup-utils,38.1.5,present,scanned,malware,sent,default,1785844217986,""
npm,@servicetitan/startup-utils,38.1.6,present,scanned,malware,sent,default,1785846295806,""
npm,@servicetitan/startup-utils,38.1.7,present,scanned,malware,sent,default,1785847337879,""
npm,@servicetitan/stylelint-config,38.1.1,present,scanned,malware,sent,default,1785844389162,""
npm,@servicetitan/stylelint-config,38.1.2,present,scanned,malware,sent,default,1785844430937,""
npm,@servicetitan/stylelint-config,38.1.3,present,scanned,malware,sent,default,1785844431674,""
npm,@servicetitan/stylelint-config,38.1.4,present,scanned,malware,sent,default,1785844481692,""
npm,@servicetitan/stylelint-config,38.1.5,present,scanned,malware,sent,default,1785844156726,""
npm,@servicetitan/stylelint-config,38.1.6,present,scanned,malware,sent,default,1785846334405,""
npm,@servicetitan/stylelint-config,38.1.7,present,scanned,malware,sent,default,1785847462561,""
npm,@servicetitan/suppress-warnings,38.1.1,present,scanned,malware,pending,default,1785854236000,""
npm,@servicetitan/suppress-warnings,38.1.2,present,scanned,malware,pending,default,1785854236000,""
npm,@servicetitan/suppress-warnings,38.1.3,present,scanned,malware,pending,default,1785854236000,""
npm,@servicetitan/suppress-warnings,38.1.4,present,scanned,malware,pending,default,1785854236000,""
npm,@servicetitan/suppress-warnings,38.1.5,present,scanned,malware,sent,default,1785843735294,""
npm,@servicetitan/suppress-warnings,38.1.6,present,scanned,malware,sent,default,1785845901969,""
npm,@servicetitan/suppress-warnings,38.1.7,present,scanned,malware,pending,default,1785854360000,""
npm,@servicetitan/table,41.3.1,present,scanned,malware,sent,default,1785843764218,""
npm,@servicetitan/table,41.3.2,present,scanned,malware,sent,default,1785843764187,""
npm,@servicetitan/table,41.3.3,present,scanned,malware,sent,default,1785843764171,""
npm,@servicetitan/table,41.3.4,present,scanned,malware,sent,default,1785843764203,""
npm,@servicetitan/table,41.3.5,present,scanned,malware,sent,default,1785846570737,""
npm,@servicetitan/table,41.3.6,present,scanned,malware,sent,default,1785846571178,""
npm,@servicetitan/table,41.3.7,present,scanned,malware,sent,default,1785847566895,""
npm,@servicetitan/tanstack-query-mobx,6.2.1,present,scanned,malware,sent,default,1785843965069,""
npm,@servicetitan/tanstack-query-mobx,6.2.2,present,scanned,malware,sent,default,1785843985841,""
npm,@servicetitan/tanstack-query-mobx,6.2.3,present,scanned,malware,sent,default,1785843986380,""
npm,@servicetitan/tanstack-query-mobx,6.2.4,present,scanned,malware,sent,default,1785844005969,""
npm,@servicetitan/tanstack-query-mobx,6.2.5,present,scanned,malware,sent,default,1785844250672,""
npm,@servicetitan/tanstack-query-mobx,6.2.6,present,scanned,malware,sent,default,1785846315786,""
npm,@servicetitan/tanstack-query-mobx,6.2.7,present,scanned,malware,sent,default,1785847567666,""
npm,@servicetitan/temporal-lite,3.4.1,present,scanned,malware,pending,default,1785853886967,""
npm,@servicetitan/temporal-lite,3.4.2,present,scanned,malware,pending,default,1785853886893,""
npm,@servicetitan/temporal-lite,3.4.3,present,scanned,malware,pending,default,1785853886936,""
npm,@servicetitan/temporal-lite,3.4.4,present,scanned,malware,pending,default,1785853887183,""
npm,@servicetitan/temporal-lite,3.4.5,present,scanned,malware,sent,default,1785844233414,""
npm,@servicetitan/temporal-lite,3.4.6,present,scanned,malware,sent,default,1785845954773,""
npm,@servicetitan/temporal-lite,3.4.7,present,scanned,malware,sent,default,1785847545147,""
npm,@servicetitan/testing-library,6.6.1,present,scanned,malware,sent,default,1785843964933,""
npm,@servicetitan/testing-library,6.6.2,present,scanned,malware,sent,default,1785843965437,""
npm,@servicetitan/testing-library,6.6.3,present,scanned,malware,sent,default,1785843986359,""
npm,@servicetitan/testing-library,6.6.4,present,scanned,malware,sent,default,1785844005979,""
npm,@servicetitan/testing-library,6.6.5,present,scanned,malware,sent,default,1785844199291,""
npm,@servicetitan/testing-library,6.6.6,present,scanned,malware,sent,default,1785846297370,""
npm,@servicetitan/testing-library,6.6.7,present,scanned,malware,sent,default,1785847596904,""
npm,@servicetitan/thoughtspot-theme,1.7.1,present,scanned,malware,sent,default,1785844324047,""
npm,@servicetitan/thoughtspot-theme,1.7.2,present,scanned,malware,sent,default,1785844324070,""
npm,@servicetitan/thoughtspot-theme,1.7.3,present,scanned,malware,sent,default,1785844324094,""
npm,@servicetitan/thoughtspot-theme,1.7.4,present,scanned,malware,sent,default,1785844324122,""
npm,@servicetitan/thoughtspot-theme,1.7.5,present,scanned,malware,sent,default,1785843792250,""
npm,@servicetitan/thoughtspot-theme,1.7.6,present,scanned,malware,sent,default,1785846013520,""
npm,@servicetitan/thoughtspot-theme,1.7.7,present,scanned,malware,sent,default,1785847254623,""
npm,@servicetitan/time-zones,3.8.1,present,scanned,malware,sent,default,1785846572047,""
npm,@servicetitan/time-zones,3.8.2,present,scanned,malware,sent,default,1785846571845,""
npm,@servicetitan/time-zones,3.8.3,present,scanned,malware,sent,default,1785846572011,""
npm,@servicetitan/time-zones,3.8.4,present,scanned,malware,sent,default,1785846571803,""
npm,@servicetitan/time-zones,3.8.5,present,scanned,malware,sent,default,1785844183171,""
npm,@servicetitan/time-zones,3.8.6,present,scanned,malware,sent,default,1785846275582,""
npm,@servicetitan/time-zones,3.8.7,present,scanned,malware,sent,default,1785847462818,""
npm,@servicetitan/titan-chat-ui,7.1.3,present,scanned,malware,pending,default,1785853887221,""
npm,@servicetitan/titan-chat-ui,7.1.4,present,scanned,malware,pending,default,1785853887081,""
npm,@servicetitan/titan-chat-ui,7.1.5,present,scanned,malware,pending,default,1785853887044,""
npm,@servicetitan/titan-chat-ui,7.1.6,present,scanned,malware,pending,default,1785853887006,""
npm,@servicetitan/titan-chat-ui,7.1.7,present,scanned,malware,sent,default,1785844250633,""
npm,@servicetitan/titan-chat-ui,7.1.8,present,scanned,malware,sent,default,1785846315767,""
npm,@servicetitan/titan-chat-ui,7.1.9,present,scanned,malware,sent,default,1785847545005,""
npm,@servicetitan/titan-chat-ui-anvil2,9.0.1,present,scanned,malware,sent,default,1785844052368,""
npm,@servicetitan/titan-chat-ui-anvil2,9.0.2,present,scanned,malware,sent,default,1785844052849,""
npm,@servicetitan/titan-chat-ui-anvil2,9.0.3,present,scanned,malware,sent,default,1785844078704,""
npm,@servicetitan/titan-chat-ui-anvil2,9.0.4,present,scanned,malware,sent,default,1785844080974,""
npm,@servicetitan/titan-chat-ui-anvil2,9.0.5,present,scanned,malware,sent,default,1785844309536,""
npm,@servicetitan/titan-chat-ui-anvil2,9.0.6,present,scanned,malware,sent,default,1785846274848,""
npm,@servicetitan/titan-chat-ui-anvil2,9.0.7,present,scanned,malware,sent,default,1785847596237,""
npm,@servicetitan/titan-chat-ui-common,9.0.1,present,scanned,malware,pending,default,1785853887148,""
npm,@servicetitan/titan-chat-ui-common,9.0.2,present,scanned,malware,pending,default,1785853887114,""
npm,@servicetitan/titan-chat-ui-common,9.0.3,present,scanned,malware,pending,default,1785853887668,""
npm,@servicetitan/titan-chat-ui-common,9.0.4,present,scanned,malware,pending,default,1785853887777,""
npm,@servicetitan/titan-chat-ui-common,9.0.5,present,scanned,malware,sent,default,1785844033012,""
npm,@servicetitan/titan-chat-ui-common,9.0.6,present,scanned,malware,sent,default,1785846055747,""
npm,@servicetitan/titan-chat-ui-common,9.0.7,present,scanned,malware,sent,default,1785847545030,""
npm,@servicetitan/titan-chat-ui-cypress,2.1.3,present,scanned,malware,pending,default,1785853887702,""
npm,@servicetitan/titan-chat-ui-cypress,2.1.4,present,scanned,malware,pending,default,1785853887629,""
npm,@servicetitan/titan-chat-ui-cypress,2.1.5,present,scanned,malware,pending,default,1785853887736,""
npm,@servicetitan/titan-chat-ui-cypress,2.1.6,present,scanned,malware,pending,default,1785853887817,""
npm,@servicetitan/titan-chat-ui-cypress,2.1.7,present,scanned,malware,sent,default,1785844123902,""
npm,@servicetitan/titan-chat-ui-cypress,2.1.8,present,scanned,malware,sent,default,1785845902068,""
npm,@servicetitan/titan-chat-ui-cypress,2.1.9,present,scanned,malware,sent,default,1785847484151,""
npm,@servicetitan/titan-chatbot-api,9.0.1,present,scanned,malware,sent,default,1785844052361,""
npm,@servicetitan/titan-chatbot-api,9.0.2,present,scanned,malware,sent,default,1785844052856,""
npm,@servicetitan/titan-chatbot-api,9.0.3,present,scanned,malware,sent,default,1785844078711,""
npm,@servicetitan/titan-chatbot-api,9.0.4,present,scanned,malware,sent,default,1785844079925,""
npm,@servicetitan/titan-chatbot-api,9.0.5,present,scanned,malware,sent,default,1785844231871,""
npm,@servicetitan/titan-chatbot-api,9.0.6,present,scanned,malware,sent,default,1785846145098,""
npm,@servicetitan/titan-chatbot-api,9.0.7,present,scanned,malware,sent,default,1785847525580,""
npm,@servicetitan/titan-chatbot-client,2.1.3,present,scanned,malware,sent,default,1785844154585,""
npm,@servicetitan/titan-chatbot-client,2.1.4,present,scanned,malware,sent,default,1785844155138,""
npm,@servicetitan/titan-chatbot-client,2.1.5,present,scanned,malware,sent,default,1785844155757,""
npm,@servicetitan/titan-chatbot-client,2.1.6,present,scanned,malware,sent,default,1785844156282,""
npm,@servicetitan/titan-chatbot-client,2.1.7,present,scanned,malware,sent,default,1785844233437,""
npm,@servicetitan/titan-chatbot-client,2.1.8,present,scanned,malware,sent,default,1785846073198,""
npm,@servicetitan/titan-chatbot-client,2.1.9,present,scanned,malware,sent,default,1785847463414,""
npm,@servicetitan/titan-chatbot-ui,7.1.3,present,scanned,malware,sent,default,1785844291538,""
npm,@servicetitan/titan-chatbot-ui,7.1.4,present,scanned,malware,sent,default,1785844291543,""
npm,@servicetitan/titan-chatbot-ui,7.1.5,present,scanned,malware,sent,default,1785844291550,""
npm,@servicetitan/titan-chatbot-ui,7.1.6,present,scanned,malware,sent,default,1785844291554,""
npm,@servicetitan/titan-chatbot-ui,7.1.7,present,scanned,malware,sent,default,1785844199278,""
npm,@servicetitan/titan-chatbot-ui,7.1.8,present,scanned,malware,sent,default,1785846314125,""
npm,@servicetitan/titan-chatbot-ui,7.1.9,present,scanned,malware,sent,default,1785847438369,""
npm,@servicetitan/titan-chatbot-ui-anvil2,9.0.1,present,scanned,malware,sent,default,1785844052357,""
npm,@servicetitan/titan-chatbot-ui-anvil2,9.0.2,present,scanned,malware,sent,default,1785844052822,""
npm,@servicetitan/titan-chatbot-ui-anvil2,9.0.3,present,scanned,malware,sent,default,1785844079470,""
npm,@servicetitan/titan-chatbot-ui-anvil2,9.0.4,present,scanned,malware,sent,default,1785844080953,""
npm,@servicetitan/titan-chatbot-ui-anvil2,9.0.5,present,scanned,malware,sent,default,1785844309522,""
npm,@servicetitan/titan-chatbot-ui-anvil2,9.0.6,present,scanned,malware,sent,default,1785846274850,""
npm,@servicetitan/titan-chatbot-ui-anvil2,9.0.7,present,scanned,malware,sent,default,1785847544527,""
npm,@servicetitan/titan-chatbot-ui-cypress,9.0.1,present,scanned,malware,sent,default,1785844052352,""
npm,@servicetitan/titan-chatbot-ui-cypress,9.0.2,present,scanned,malware,sent,default,1785844052561,""
npm,@servicetitan/titan-chatbot-ui-cypress,9.0.3,present,scanned,malware,sent,default,1785844078690,""
npm,@servicetitan/titan-chatbot-ui-cypress,9.0.4,present,scanned,malware,sent,default,1785844079909,""
npm,@servicetitan/titan-chatbot-ui-cypress,9.0.5,present,scanned,malware,sent,default,1785843918541,""
npm,@servicetitan/titan-chatbot-ui-cypress,9.0.6,present,scanned,malware,sent,default,1785846012982,""
npm,@servicetitan/titan-chatbot-ui-cypress,9.0.7,present,scanned,malware,sent,default,1785847291730,""
npm,@servicetitan/tokens,12.9.1,present,scanned,malware,pending,default,1785854236000,""
npm,@servicetitan/tokens,12.9.2,present,scanned,malware,pending,default,1785853888073,""
npm,@servicetitan/tokens,12.9.3,present,scanned,malware,pending,default,1785853888038,""
npm,@servicetitan/tokens,12.9.4,present,scanned,malware,pending,default,1785853888108,""
npm,@servicetitan/tokens,12.9.5,present,scanned,malware,sent,default,1785844346955,""
npm,@servicetitan/tokens,12.9.6,present,scanned,malware,sent,default,1785846315780,""
npm,@servicetitan/tokens,12.9.7,present,scanned,malware,sent,default,1785847568276,""
npm,@servicetitan/toolbelt-shared-registry,1.14.1,present,scanned,malware,pending,default,1785853888694,""
npm,@servicetitan/toolbelt-shared-registry,1.14.2,present,scanned,malware,pending,default,1785853888820,""
npm,@servicetitan/toolbelt-shared-registry,1.14.3,present,scanned,malware,pending,default,1785853888788,""
npm,@servicetitan/toolbelt-shared-registry,1.14.4,present,scanned,malware,pending,default,1785853888756,""
npm,@servicetitan/toolbelt-shared-registry,1.14.5,present,scanned,malware,sent,default,1785843941365,""
npm,@servicetitan/toolbelt-shared-registry,1.14.6,present,scanned,malware,sent,default,1785846314638,""
npm,@servicetitan/toolbelt-shared-registry,1.14.7,present,scanned,malware,sent,default,1785847337970,""
npm,@servicetitan/uikit-docs,22.11.1,present,scanned,malware,pending,default,1785853888724,""
npm,@servicetitan/uikit-docs,22.11.2,present,scanned,malware,pending,default,1785853888662,""
npm,@servicetitan/uikit-docs,22.11.3,present,scanned,malware,pending,default,1785853888571,""
npm,@servicetitan/uikit-docs,22.11.4,present,scanned,malware,pending,default,1785853888600,""
npm,@servicetitan/uikit-docs,22.11.5,present,scanned,malware,sent,default,1785844182260,""
npm,@servicetitan/uikit-docs,22.11.6,present,scanned,malware,sent,default,1785845937032,""
npm,@servicetitan/uikit-docs,22.11.7,present,scanned,malware,sent,default,1785847276371,""
npm,@servicetitan/unit-tests,0.0.2,present,scanned,malware,pending,default,1785853888538,""
npm,@servicetitan/unit-tests,0.0.3,present,scanned,malware,pending,default,1785853888633,""
npm,@servicetitan/unit-tests,0.0.4,present,scanned,malware,pending,default,1785853889156,""
npm,@servicetitan/unit-tests,0.0.5,present,scanned,malware,pending,default,1785853889191,""
npm,@servicetitan/unit-tests,0.0.6,present,scanned,malware,sent,default,1785843735304,""
npm,@servicetitan/unit-tests,0.0.7,present,scanned,malware,sent,default,1785845985664,""
npm,@servicetitan/unit-tests,0.0.8,present,scanned,malware,sent,default,1785847276347,""
npm,@servicetitan/va-mfe-loader,1.1.1,present,scanned,malware,pending,default,1785853889481,""
npm,@servicetitan/va-mfe-loader,1.1.2,present,scanned,malware,pending,default,1785853889322,""
npm,@servicetitan/va-mfe-loader,1.1.3,present,scanned,malware,pending,default,1785853889285,""
npm,@servicetitan/va-mfe-loader,1.1.4,present,scanned,malware,pending,default,1785853889354,""
npm,@servicetitan/va-mfe-loader,1.1.5,present,scanned,malware,sent,default,1785844006493,""
npm,@servicetitan/va-mfe-loader,1.1.6,present,scanned,malware,sent,default,1785845937000,""
npm,@servicetitan/va-mfe-loader,1.1.7,present,scanned,malware,sent,default,1785847266287,""
npm,@servicetitan/web-components,38.1.1,present,scanned,malware,sent,default,1785846571931,""
npm,@servicetitan/web-components,38.1.2,present,scanned,malware,sent,default,1785846572132,""
npm,@servicetitan/web-components,38.1.3,present,scanned,malware,sent,default,1785846571889,""
npm,@servicetitan/web-components,38.1.4,present,scanned,malware,sent,default,1785846572089,""
npm,@servicetitan/web-components,38.1.5,present,scanned,malware,sent,default,1785846571974,""
npm,@servicetitan/web-components,38.1.6,present,scanned,malware,sent,default,1785846297387,""
npm,@servicetitan/web-components,38.1.7,present,scanned,malware,sent,default,1785847527185,""
npm,@servicetitan/widget-platform,5.6.1,present,scanned,malware,pending,default,1785853889418,""
npm,@servicetitan/widget-platform,5.6.2,present,scanned,malware,pending,default,1785853889250,""
npm,@servicetitan/widget-platform,5.6.3,present,scanned,malware,pending,default,1785853889450,""
npm,@servicetitan/widget-platform,5.6.4,present,scanned,malware,pending,default,1785853889386,""
npm,@servicetitan/widget-platform,5.6.5,present,scanned,malware,sent,default,1785843792243,""
npm,@servicetitan/widget-platform,5.6.6,present,scanned,malware,sent,default,1785845985656,""
npm,@servicetitan/widget-platform,5.6.7,present,scanned,malware,sent,default,1785847254725,""
npm,@servicetitan/widget-platform-monolith,5.6.1,present,scanned,malware,sent,default,1785843808556,""
npm,@servicetitan/widget-platform-monolith,5.6.2,present,scanned,malware,sent,default,1785843808591,""
npm,@servicetitan/widget-platform-monolith,5.6.3,present,scanned,malware,sent,default,1785843808619,""
npm,@servicetitan/widget-platform-monolith,5.6.4,present,scanned,malware,sent,default,1785843808648,""
npm,@servicetitan/widget-platform-monolith,5.6.5,present,scanned,malware,sent,default,1785844122959,""
npm,@servicetitan/widget-platform-monolith,5.6.6,present,scanned,malware,sent,default,1785845969964,""
npm,@servicetitan/widget-platform-monolith,5.6.7,present,scanned,malware,sent,default,1785847525602,""
npm,@thiennq/docs-viewer,1.6.4,present,scanned,malware,sent,default,1785847882075,""
npm,@umacloud/cli-darwin-arm64,1.0.74,present,scanned,malware,sent,default,1785850701300,""
npm,@umacloud/cli-darwin-x64,1.0.74,present,scanned,malware,sent,default,1785850691753,""
npm,@umacloud/cli-linux-arm64,1.0.74,present,scanned,malware,sent,default,1785850691413,""
npm,@umacloud/cli-linux-musl-arm64,1.0.74,present,scanned,malware,sent,default,1785850701392,""
npm,@umacloud/cli-linux-musl-x64,1.0.74,present,scanned,malware,sent,default,1785850740130,""
npm,@umacloud/cli-linux-x64,1.0.74,present,scanned,malware,sent,default,1785850731060,""
npm,@umacloud/cli-win32-x64,1.0.74,present,scanned,malware,sent,default,1785850731755,""
npm,@umacloud/knowledge,1.0.74,present,scanned,malware,sent,default,1785850679956,""
npm,@workbench-stack/core,3.9.8,present,scanned,malware,pending,default,1785853890160,""
npm,babel-plugin-linaria-css-to-undefined,0.3.1,present,scanned,malware,pending,default,1785853889868,""
npm,babel-plugin-linaria-css-to-undefined,0.3.12,present,scanned,malware,sent,default,1785848624338,""
npm,babel-plugin-linaria-css-to-undefined,0.3.2,present,scanned,malware,pending,default,1785853889743,""
npm,babel-plugin-linaria-css-to-undefined,0.3.3,present,scanned,malware,pending,default,1785853889774,""
npm,babel-plugin-linaria-css-to-undefined,0.3.4,present,scanned,malware,pending,default,1785853889837,""
npm,babel-plugin-linaria-css-to-undefined,0.3.5,present,scanned,malware,pending,default,1785853889703,""
npm,babel-plugin-linaria-css-to-undefined,0.3.6,present,scanned,malware,sent,default,1785843517757,""
npm,babel-plugin-linaria-css-to-undefined,0.3.7,present,scanned,malware,sent,default,1785843517752,""
npm,babel-plugin-linaria-css-to-undefined,0.3.8,present,scanned,malware,sent,default,1785843517755,""
npm,babel-plugin-linaria-css-to-undefined,0.3.9,present,scanned,malware,sent,default,1785845477176,""
npm,cache-manager,7.2.10,present,scanned,malware,sent,default,1785839416586,""
npm,cacheable,2.5.1,present,scanned,malware,sent,default,1785839366158,""
npm,cacheable-request,13.0.20,present,scanned,malware,pending,default,1785854236000,""
npm,conv-context-next,1.0.10,present,scanned,malware,sent,default,1785848305199,""
npm,conv-context-next,1.0.9,present,scanned,malware,sent,default,1785846512235,""
npm,ecto,5.0.1,present,scanned,malware,sent,default,1785839511504,""
npm,editable-contracts,0.0.12,present,scanned,malware,pending,default,1785853889806,""
npm,editable-contracts,0.0.13,present,scanned,malware,pending,default,1785853889899,""
npm,editable-contracts,0.0.14,present,scanned,malware,pending,default,1785853889932,""
npm,editable-contracts,0.0.15,present,scanned,malware,pending,default,1785853890433,""
npm,editable-contracts,0.0.16,present,scanned,malware,pending,default,1785853890400,""
npm,editable-contracts,0.0.17,present,scanned,malware,pending,default,1785853890570,""
npm,editable-contracts,0.0.18,present,scanned,malware,pending,default,1785853890602,""
npm,editable-contracts,0.0.19,present,scanned,malware,sent,default,1785843103460,""
npm,editable-contracts,0.0.20,present,scanned,malware,sent,default,1785843601823,""
npm,editable-contracts,0.0.21,present,scanned,malware,sent,default,1785843601793,""
npm,editable-contracts,0.0.22,present,scanned,malware,sent,default,1785843601780,""
npm,editable-contracts,0.0.23,present,scanned,malware,sent,default,1785843601776,""
npm,editable-contracts,0.0.24,present,scanned,malware,sent,default,1785844931353,""
npm,editable-contracts,0.0.25,present,scanned,malware,sent,default,1785844971737,""
npm,editable-contracts,0.0.27,present,scanned,malware,sent,default,1785847462393,""
npm,eslint-plugin-folder-schema,1.0.10,present,scanned,malware,sent,default,1785843110736,""
npm,eslint-plugin-folder-schema,1.0.11,present,scanned,malware,sent,default,1785843128672,""
npm,eslint-plugin-folder-schema,1.0.12,present,scanned,malware,sent,default,1785843128682,""
npm,eslint-plugin-folder-schema,1.0.13,present,scanned,malware,sent,default,1785843098275,""
npm,eslint-plugin-folder-schema,1.0.14,present,scanned,malware,sent,default,1785843601452,""
npm,eslint-plugin-folder-schema,1.0.15,present,scanned,malware,sent,default,1785843625851,""
npm,eslint-plugin-folder-schema,1.0.16,present,scanned,malware,sent,default,1785843625854,""
npm,eslint-plugin-folder-schema,1.0.17,present,scanned,malware,sent,default,1785843625856,""
npm,eslint-plugin-folder-schema,1.0.18,present,scanned,malware,sent,default,1785844918195,""
npm,eslint-plugin-folder-schema,1.0.19,present,scanned,malware,sent,default,1785844971423,""
npm,eslint-plugin-folder-schema,1.0.21,present,scanned,malware,sent,default,1785847275918,""
npm,eslint-plugin-folder-schema,1.0.6,present,scanned,malware,sent,default,1785843110688,""
npm,eslint-plugin-folder-schema,1.0.7,present,scanned,malware,sent,default,1785843110698,""
npm,eslint-plugin-folder-schema,1.0.8,present,scanned,malware,sent,default,1785843110727,""
npm,eslint-plugin-folder-schema,1.0.9,present,scanned,malware,sent,default,1785843110733,""
npm,example-js-project,1.0.10,present,scanned,malware,sent,default,1785846486927,""
npm,example-js-project,1.0.11,present,scanned,malware,sent,default,1785848305471,""
npm,file-entry-cache,11.1.6,present,scanned,malware,sent,default,1785839347301,""
npm,flat-cache,6.1.24,present,scanned,malware,pending,default,1785854236000,""
npm,folder-lint,1.0.10,present,scanned,malware,pending,default,1785853890506,""
npm,folder-lint,1.0.11,present,scanned,malware,pending,default,1785853890634,""
npm,folder-lint,1.0.12,present,scanned,malware,pending,default,1785853890473,""
npm,folder-lint,1.0.13,present,scanned,malware,sent,default,1785843103288,""
npm,folder-lint,1.0.14,present,scanned,malware,sent,default,1785843601790,""
npm,folder-lint,1.0.15,present,scanned,malware,sent,default,1785843601787,""
npm,folder-lint,1.0.16,present,scanned,malware,sent,default,1785843601783,""
npm,folder-lint,1.0.17,present,scanned,malware,sent,default,1785843601797,""
npm,folder-lint,1.0.18,present,scanned,malware,sent,default,1785844918716,""
npm,folder-lint,1.0.19,present,scanned,malware,sent,default,1785844978630,""
npm,folder-lint,1.0.21,present,scanned,malware,sent,default,1785847266182,""
npm,folder-lint,1.0.6,present,scanned,malware,pending,default,1785853890538,""
npm,folder-lint,1.0.7,present,scanned,malware,pending,default,1785853890666,""
npm,folder-lint,1.0.8,present,scanned,malware,pending,default,1785853891354,""
npm,folder-lint,1.0.9,present,scanned,malware,pending,default,1785853891255,""
npm,frontend-orb,4.4.1,present,scanned,malware,pending,default,1785853891285,""
npm,frontend-orb,4.4.10,present,scanned,malware,sent,default,1785845496585,""
npm,frontend-orb,4.4.13,present,scanned,malware,sent,default,1785848644809,""
npm,frontend-orb,4.4.2,present,scanned,malware,pending,default,1785853891223,""
npm,frontend-orb,4.4.3,present,scanned,malware,pending,default,1785853891124,""
npm,frontend-orb,4.4.4,present,scanned,malware,pending,default,1785853891094,""
npm,frontend-orb,4.4.5,present,scanned,malware,pending,default,1785853891055,""
npm,frontend-orb,4.4.6,present,scanned,malware,pending,default,1785853891155,""
npm,frontend-orb,4.4.7,present,scanned,malware,sent,default,1785843496264,""
npm,frontend-orb,4.4.8,present,scanned,malware,sent,default,1785843496240,""
npm,frontend-orb,4.4.9,present,scanned,malware,sent,default,1785843496265,""
npm,hamus.js,0.4.1,present,scanned,malware,pending,default,1785853891193,""
npm,http-metrics-middleware,2.2.2,present,scanned,malware,pending,default,1785853891321,""
npm,keyv,6.0.0,present,scanned,malware,sent,default,1785841821477,""
npm,native-frontend-orb,1.1.10,present,scanned,malware,sent,default,1785843347488,""
npm,native-frontend-orb,1.1.11,present,scanned,malware,sent,default,1785845477214,""
npm,native-frontend-orb,1.1.14,present,scanned,malware,sent,default,1785848624515,""
npm,native-frontend-orb,1.1.4,present,scanned,malware,pending,default,1785853891719,""
npm,native-frontend-orb,1.1.5,present,scanned,malware,pending,default,1785853891689,""
npm,native-frontend-orb,1.1.6,present,scanned,malware,pending,default,1785853891750,""
npm,native-frontend-orb,1.1.7,present,scanned,malware,pending,default,1785853891781,""
npm,native-frontend-orb,1.1.8,present,scanned,malware,pending,default,1785853891580,""
npm,native-frontend-orb,1.1.9,present,scanned,malware,sent,default,1785843347479,""
npm,picasso-plugin-hammer,2.11.6,present,scanned,malware,pending,default,1785853891812,""
npm,picasso-plugin-q,2.11.6,present,scanned,malware,pending,default,1785853892110,""
npm,picasso.js,2.11.6,present,scanned,malware,pending,default,1785853891899,""
npm,pob-test-package-in-monorepo,5.2.1,present,scanned,malware,pending,default,1785853891655,""
npm,pob-test-package-in-monorepo,5.2.12,present,scanned,malware,sent,default,1785848546644,""
npm,pob-test-package-in-monorepo,5.2.2,present,scanned,malware,pending,default,1785853891614,""
npm,pob-test-package-in-monorepo,5.2.3,present,scanned,malware,pending,default,1785853892326,""
npm,pob-test-package-in-monorepo,5.2.4,present,scanned,malware,pending,default,1785853892465,""
npm,pob-test-package-in-monorepo,5.2.5,present,scanned,malware,pending,default,1785853892362,""
npm,pob-test-package-in-monorepo,5.2.6,present,scanned,malware,sent,default,1785843496275,""
npm,pob-test-package-in-monorepo,5.2.7,present,scanned,malware,sent,default,1785843496353,""
npm,pob-test-package-in-monorepo,5.2.8,present,scanned,malware,sent,default,1785843496266,""
npm,pob-test-package-in-monorepo,5.2.9,present,scanned,malware,sent,default,1785845477171,""
npm,pob-test-typescript-package-in-monorepo,4.2.1,present,scanned,malware,sent,default,1785843517473,""
npm,pob-test-typescript-package-in-monorepo,4.2.10,present,scanned,malware,sent,default,1785845476878,""
npm,pob-test-typescript-package-in-monorepo,4.2.13,present,scanned,malware,sent,default,1785848698892,""
npm,pob-test-typescript-package-in-monorepo,4.2.2,present,scanned,malware,sent,default,1785843517475,""
npm,pob-test-typescript-package-in-monorepo,4.2.3,present,scanned,malware,sent,default,1785843517477,""
npm,pob-test-typescript-package-in-monorepo,4.2.4,present,scanned,malware,sent,default,1785843517479,""
npm,pob-test-typescript-package-in-monorepo,4.2.5,present,scanned,malware,sent,default,1785843517481,""
npm,pob-test-typescript-package-in-monorepo,4.2.6,present,scanned,malware,sent,default,1785843517482,""
npm,pob-test-typescript-package-in-monorepo,4.2.7,present,scanned,malware,sent,default,1785843496445,""
npm,pob-test-typescript-package-in-monorepo,4.2.8,present,scanned,malware,sent,default,1785843496287,""
npm,pob-test-typescript-package-in-monorepo,4.2.9,present,scanned,malware,sent,default,1785843496239,""
npm,qlik-chart-modules,1.1.1,present,scanned,malware,pending,default,1785853894199,""
npm,qlik-modifiers,0.10.1,present,scanned,malware,pending,default,1785853892536,""
npm,qlik-object-conversion,0.17.2,present,scanned,malware,pending,default,1785853892575,""
npm,rwc-client,0.29.18,present,scanned,malware,sent,default,1785847061183,""
npm,rwc-client,0.29.19,present,scanned,malware,sent,default,1785848305198,""
npm,server-hemera-mongo,0.0.12,present,scanned,malware,pending,default,1785853892435,""
npm,sn-listbox,0.3.3,present,scanned,malware,pending,default,1785854236000,""
npm,tslint-folder-schema,1.0.10,present,scanned,malware,sent,default,1785843110740,""
npm,tslint-folder-schema,1.0.11,present,scanned,malware,sent,default,1785843128675,""
npm,tslint-folder-schema,1.0.12,present,scanned,malware,sent,default,1785843128679,""
npm,tslint-folder-schema,1.0.13,present,scanned,malware,sent,default,1785843103347,""
npm,tslint-folder-schema,1.0.14,present,scanned,malware,sent,default,1785843625865,""
npm,tslint-folder-schema,1.0.15,present,scanned,malware,sent,default,1785843625890,""
npm,tslint-folder-schema,1.0.16,present,scanned,malware,sent,default,1785843625892,""
npm,tslint-folder-schema,1.0.17,present,scanned,malware,sent,default,1785843625894,""
npm,tslint-folder-schema,1.0.18,present,scanned,malware,sent,default,1785844918189,""
npm,tslint-folder-schema,1.0.19,present,scanned,malware,sent,default,1785844977971,""
npm,tslint-folder-schema,1.0.20,present,scanned,malware,sent,default,1785845901519,""
npm,tslint-folder-schema,1.0.21,present,scanned,malware,sent,default,1785847355884,""
npm,tslint-folder-schema,1.0.6,present,scanned,malware,sent,default,1785843110692,""
npm,tslint-folder-schema,1.0.7,present,scanned,malware,sent,default,1785843110695,""
npm,tslint-folder-schema,1.0.8,present,scanned,malware,sent,default,1785843110724,""
npm,tslint-folder-schema,1.0.9,present,scanned,malware,sent,default,1785843110731,""
npm,umadev,1.0.74,present,scanned,malware,sent,default,1785850669006,""
npm,verdaccio-okta-oauth,38.1.1,present,scanned,malware,pending,default,1785853892499,""
npm,verdaccio-okta-oauth,38.1.10,present,scanned,malware,sent,default,1785843579333,""
npm,verdaccio-okta-oauth,38.1.11,present,scanned,malware,sent,default,1785843579328,""
npm,verdaccio-okta-oauth,38.1.12,present,scanned,malware,sent,default,1785843579322,""
npm,verdaccio-okta-oauth,38.1.13,present,scanned,malware,sent,default,1785844931380,""
npm,verdaccio-okta-oauth,38.1.14,present,scanned,malware,sent,default,1785844978330,""
npm,verdaccio-okta-oauth,38.1.15,present,scanned,malware,sent,default,1785845896550,""
npm,verdaccio-okta-oauth,38.1.16,present,scanned,malware,sent,default,1785847438820,""
npm,verdaccio-okta-oauth,38.1.2,present,scanned,malware,pending,default,1785853892402,""
npm,verdaccio-okta-oauth,38.1.3,present,scanned,malware,pending,default,1785853894747,""
npm,verdaccio-okta-oauth,38.1.4,present,scanned,malware,pending,default,1785853894612,""
npm,verdaccio-okta-oauth,38.1.5,present,scanned,malware,pending,default,1785853894576,""
npm,verdaccio-okta-oauth,38.1.6,present,scanned,malware,pending,default,1785853894508,""
npm,verdaccio-okta-oauth,38.1.7,present,scanned,malware,pending,default,1785853894542,""
npm,verdaccio-okta-oauth,38.1.8,present,scanned,malware,sent,default,1785843098396,""
npm,verdaccio-okta-oauth,38.1.9,present,scanned,malware,sent,default,1785843601772,""
npm,verdaccio-tarball-local-storage,38.1.1,present,scanned,malware,pending,default,1785853894472,""
npm,verdaccio-tarball-local-storage,38.1.10,present,scanned,malware,sent,default,1785843647717,""
npm,verdaccio-tarball-local-storage,38.1.11,present,scanned,malware,sent,default,1785843647647,""
npm,verdaccio-tarball-local-storage,38.1.12,present,scanned,malware,sent,default,1785843647796,""
npm,verdaccio-tarball-local-storage,38.1.13,present,scanned,malware,sent,default,1785844918531,""
npm,verdaccio-tarball-local-storage,38.1.14,present,scanned,malware,sent,default,1785844971732,""
npm,verdaccio-tarball-local-storage,38.1.15,present,scanned,malware,sent,default,1785845916449,""
npm,verdaccio-tarball-local-storage,38.1.16,present,scanned,malware,sent,default,1785847266189,""
npm,verdaccio-tarball-local-storage,38.1.2,present,scanned,malware,pending,default,1785853894713,""
npm,verdaccio-tarball-local-storage,38.1.3,present,scanned,malware,pending,default,1785853894780,""
npm,verdaccio-tarball-local-storage,38.1.4,present,scanned,malware,pending,default,1785853894680,""
npm,verdaccio-tarball-local-storage,38.1.5,present,scanned,malware,pending,default,1785853894646,""
npm,verdaccio-tarball-local-storage,38.1.6,present,scanned,malware,pending,default,1785853895084,""
npm,verdaccio-tarball-local-storage,38.1.7,present,scanned,malware,pending,default,1785853895043,""
npm,verdaccio-tarball-local-storage,38.1.8,present,scanned,malware,sent,default,1785843103281,""
npm,verdaccio-tarball-local-storage,38.1.9,present,scanned,malware,sent,default,1785843647831,""
npm,workbench-browser-server,0.0.2,present,scanned,malware,pending,default,1785853895353,""
